,0,1,2,3,4,5,6,7,8,9,10,11,12,13,14,15,16,17,18,19,20,21,22,23,24,25,26,27,28,29,30,31,32,33,34,35,36,37,38,39,40,41,42,43,44,45,46,47,48,49,50,51,52,53,54,55,56,57,58,59,60,61,62,63,64,65,66,67,68,69,70,71,72,73,74,75,76,77,78,79,80,81,82,83,84,85,86,87,88,89,90,91,92,93,94,95,96,97,98,99,100,101,102
0,0.0,944.2,1044.5,1484.2,1353.2,1509.6,1018.1,1076.7,1395.8,1317.7,709.0,865.4,896.4,659.3,614.0,823.9,1469.2,709.8,854.8,1103.1,773.2,1095.5,804.8,1462.1,921.4,977.4,1559.4,1124.1,501.5,1128.4,1111.6,1156.2,1152.8,667.3,932.2,1440.0,607.8,1016.8,732.1,1138.2,1054.8,836.1,691.5,1280.3,929.9,643.0,1209.4,1124.7,905.4,880.1,1410.0,1479.2,876.6,439.5,920.4,649.2,721.9,537.8,763.3,504.4,603.6,671.8,818.0,428.5,1525.5,733.8,1099.7,681.5,602.8,910.2,782.0,995.0,1439.9,1507.6,823.7,1456.1,1385.4,1317.7,580.1,665.0,937.5,856.7,1369.4,903.6,1303.9,852.5,699.3,937.2,1321.1,1116.5,646.5,601.9,903.9,895.9,828.2,596.2,1326.9,910.4,950.1,495.9,1518.6,721.3,1513.9
1,944.2,0.0,559.9,668.7,1162.8,694.1,567.3,784.8,1176.4,1127.3,341.6,889.0,914.1,536.6,571.1,120.3,653.7,483.1,402.8,811.2,171.0,854.5,606.4,1058.5,469.4,105.3,920.5,704.4,453.7,977.1,710.5,886.7,408.4,525.6,480.2,1021.7,419.2,589.2,445.4,661.4,895.2,384.1,501.4,876.7,477.9,542.1,393.9,574.7,49.9,903.7,594.5,1075.6,424.6,817.8,875.3,325.2,455.6,647.3,180.9,752.9,415.0,403.4,366.0,828.4,1024.0,226.8,622.9,413.1,408.6,458.2,178.6,646.9,1036.3,1006.1,120.5,1116.1,569.9,1127.3,713.2,527.9,827.4,404.7,553.9,451.6,900.3,434.3,510.7,485.2,505.6,639.7,404.1,413.3,451.9,443.9,555.7,359.0,923.3,681.9,498.1,704.0,845.4,269.3,812.5
2,1044.5,559.9,0.0,638.0,687.0,663.4,50.6,269.9,729.6,651.5,360.9,498.8,456.4,552.3,590.4,496.6,623.0,498.8,266.7,296.3,445.9,351.2,510.8,605.6,254.5,508.0,702.9,187.7,600.0,462.2,193.8,433.8,151.5,541.3,211.9,583.5,519.5,138.1,461.1,144.7,388.6,421.8,517.1,423.8,214.2,561.4,363.2,123.4,578.1,478.1,563.8,622.7,244.9,827.8,417.6,732.1,471.3,666.6,436.0,762.9,466.3,549.7,360.1,838.8,669.0,633.7,106.2,559.4,541.8,329.3,585.5,248.0,583.4,651.1,496.4,761.1,539.2,651.5,723.2,543.6,417.7,314.8,523.2,313.3,447.4,291.4,530.0,221.7,474.9,123.0,423.4,513.6,266.6,354.0,393.9,505.3,470.4,343.6,194.0,723.3,662.1,360.6,657.4
3,1484.2,668.7,638.0,0.0,550.3,64.5,645.4,635.5,507.7,585.8,900.4,849.3,806.9,1010.9,1098.6,789.0,104.9,1041.9,697.0,619.9,839.7,562.2,941.7,392.9,584.2,616.8,251.8,744.5,1026.7,695.5,732.0,594.4,486.5,1084.4,652.4,353.0,980.6,732.9,1004.2,739.5,602.9,845.5,1060.2,429.6,654.7,1100.9,311.8,652.8,718.6,828.6,164.1,410.0,711.4,1218.2,768.1,848.8,1014.4,1132.4,849.6,1153.3,976.4,986.4,744.2,1229.2,355.3,750.4,701.0,996.1,991.6,676.0,749.2,731.4,428.3,337.4,789.2,447.4,188.7,585.8,1113.6,1086.7,768.2,698.9,114.8,615.4,436.4,877.0,1069.5,617.0,163.1,717.8,962.9,974.7,613.3,738.1,909.7,942.0,330.8,773.5,644.7,1189.1,176.7,784.3,143.8
4,1353.2,1162.8,687.0,550.3,0.0,540.4,687.7,505.5,42.6,35.5,918.4,544.8,502.4,795.1,882.8,1081.6,580.8,847.2,855.7,510.2,1030.9,402.5,725.9,525.9,890.8,1110.9,486.3,568.1,1185.0,224.8,555.6,309.5,754.4,889.7,848.2,486.0,1102.4,666.1,901.5,608.0,365.8,1006.8,865.5,421.6,850.5,911.8,840.6,623.9,1163.1,524.1,640.0,543.0,833.9,913.7,460.5,1317.1,911.7,916.6,1021.0,848.8,1023.8,1134.7,949.1,924.7,195.0,1218.7,634.2,1144.4,1124.7,957.3,1170.5,555.0,561.3,212.9,1081.4,102.9,664.6,35.5,809.1,892.0,463.7,903.8,665.1,949.6,392.6,774.9,978.0,858.0,713.4,629.7,980.9,1096.5,902.9,943.0,693.9,1090.3,393.6,557.7,830.3,973.3,411.2,945.6,406.5
5,1509.6,694.1,663.4,64.5,540.4,0.0,670.8,625.6,497.8,575.9,925.8,839.4,797.0,1001.0,1088.7,814.4,40.4,1053.1,722.4,610.0,865.1,552.3,931.8,383.0,609.6,642.2,241.9,734.6,1052.1,685.6,722.1,584.5,511.9,1095.6,677.8,343.1,1006.0,758.3,1029.6,764.9,593.0,870.9,1071.4,419.7,680.1,1117.7,300.2,678.2,744.0,818.7,99.6,400.1,736.8,1208.3,758.2,874.2,1039.8,1122.5,875.0,1143.4,1001.8,1011.8,769.6,1219.3,345.4,775.8,726.4,1021.5,1017.0,701.4,774.6,721.5,418.4,327.5,814.6,437.5,124.2,575.9,1103.7,1097.9,758.3,724.3,179.3,640.8,426.5,902.4,1094.9,642.4,227.6,743.2,988.3,1000.1,638.7,763.5,899.8,967.4,320.9,763.6,670.1,1179.2,166.8,809.7,133.9
6,1018.1,567.3,50.6,645.4,687.7,670.8,0.0,270.6,730.3,652.2,334.5,499.5,457.1,525.9,564.0,469.6,630.4,472.4,218.1,297.0,418.9,351.9,484.4,613.0,205.9,515.4,710.3,188.4,573.0,462.9,194.5,441.2,158.9,514.9,163.3,590.9,493.1,115.0,434.7,145.4,389.3,381.8,490.7,431.2,165.6,535.0,370.6,130.8,551.1,478.8,571.2,630.1,196.3,801.4,418.3,705.1,444.9,640.2,409.0,736.5,439.9,522.7,311.5,812.4,676.4,606.7,106.9,532.4,515.4,280.7,558.5,229.2,590.8,658.5,469.4,768.5,546.6,652.2,696.8,517.2,418.4,266.2,530.6,264.7,454.8,265.0,503.6,173.1,482.3,123.7,397.0,487.2,218.0,305.4,367.5,478.3,477.8,318.9,145.4,696.9,669.5,320.6,664.8
7,1076.7,784.8,269.9,635.5,505.5,625.6,270.6,0.0,548.1,470.0,501.3,317.3,274.9,417.4,505.1,664.5,666.0,469.5,438.6,68.4,613.8,123.3,348.2,439.9,473.7,734.7,537.2,151.0,767.9,280.7,138.5,220.6,378.2,512.0,431.1,417.8,685.3,249.0,523.8,190.9,164.0,589.7,487.8,258.1,433.4,534.1,589.9,350.1,746.0,296.6,725.2,457.0,416.8,652.6,236.1,900.0,534.0,538.9,603.9,587.7,606.7,717.6,532.0,663.6,503.3,801.6,217.1,727.3,707.6,540.2,753.4,137.9,417.7,485.4,664.3,595.4,749.8,470.0,548.0,514.3,236.2,486.7,749.9,532.5,281.7,357.8,600.3,440.9,701.6,212.6,563.8,679.4,485.8,525.9,316.2,673.2,304.7,180.0,413.2,595.6,496.4,528.5,491.7
8,1395.8,1176.4,729.6,507.7,42.6,497.8,730.3,548.1,0.0,78.1,961.0,587.4,545.0,837.7,925.4,1124.2,538.2,889.8,898.3,552.8,1073.5,445.1,768.5,483.3,933.4,1124.5,443.7,610.7,1227.6,267.4,598.2,352.1,797.0,932.3,890.8,443.4,1145.0,708.7,944.1,650.6,408.4,1049.4,908.1,449.8,893.1,954.4,798.0,666.5,1205.7,566.7,597.4,500.4,876.5,956.3,503.1,1356.5,954.3,959.2,1063.6,891.4,1066.4,1177.3,991.7,967.3,152.4,1258.1,676.8,1187.0,1167.3,999.9,1213.1,597.6,518.7,170.3,1124.0,60.3,622.0,78.1,851.7,934.6,506.3,946.4,622.5,992.2,435.2,817.5,1020.6,900.6,670.8,672.3,1023.5,1139.1,945.5,985.6,736.5,1132.9,351.0,600.3,872.9,1015.9,368.6,988.2,363.9
9,1317.7,1127.3,651.5,585.8,35.5,575.9,652.2,470.0,78.1,0.0,882.9,509.3,466.9,759.6,847.3,1046.1,616.3,811.7,820.2,474.7,995.4,367.0,690.4,557.5,855.3,1075.4,521.8,532.6,1149.5,189.3,520.1,274.0,718.9,854.2,812.7,521.5,1066.9,630.6,866.0,572.5,330.3,971.3,830.0,386.1,815.0,876.3,876.1,588.4,1127.6,488.6,675.5,574.6,798.4,878.2,425.0,1281.6,876.2,881.1,985.5,813.3,988.3,1099.2,913.6,889.2,230.5,1183.2,598.7,1108.9,1089.2,921.8,1135.0,519.5,535.3,248.4,1045.9,138.4,700.1,0.0,773.6,856.5,428.2,868.3,700.6,914.1,357.1,739.4,942.5,822.5,748.9,594.2,945.4,1061.0,867.4,907.5,658.4,1054.8,415.9,522.2,794.8,937.8,446.7,910.1,442.0
10,709.0,341.6,360.9,900.4,918.4,925.8,334.5,501.3,961.0,882.9,0.0,587.6,618.6,235.2,229.5,221.3,885.4,181.7,244.6,527.7,170.6,582.6,306.2,899.2,316.2,446.9,996.5,492.5,307.6,693.6,480.0,679.9,469.2,224.2,263.8,877.1,184.0,333.2,144.0,454.6,620.0,230.9,200.0,717.4,261.5,200.5,625.6,441.1,302.8,602.3,826.2,916.3,222.8,497.8,591.8,456.8,154.2,305.7,160.7,451.5,105.4,274.4,212.8,486.8,962.6,358.4,416.1,284.1,206.3,305.0,310.2,363.4,877.0,944.7,221.1,1021.3,801.6,882.9,411.8,225.5,543.9,251.5,785.6,298.4,741.0,143.5,169.1,299.2,737.3,432.9,62.5,178.1,298.7,290.7,255.7,230.0,764.0,387.5,281.7,362.4,955.7,116.1,951.0
11,865.4,889.0,498.8,849.3,544.8,839.4,499.5,317.3,587.4,509.3,587.6,0.0,88.0,422.6,510.3,768.7,879.8,474.7,610.3,343.7,718.0,287.1,447.4,653.7,645.7,963.6,751.0,379.9,868.6,320.0,367.4,347.8,607.1,517.2,603.1,631.6,745.0,436.2,540.2,419.8,246.4,761.4,493.0,471.9,605.4,539.3,818.8,579.0,850.2,71.7,939.0,670.8,588.5,425.9,112.0,1004.2,550.4,544.1,708.1,361.0,666.4,821.8,703.7,436.9,717.1,905.8,446.0,831.5,767.3,711.9,857.6,328.0,631.5,699.2,768.5,647.7,963.6,509.3,321.3,519.5,129.1,658.4,964.1,704.5,495.5,529.5,605.5,612.9,930.5,441.5,650.1,739.1,657.8,697.6,426.1,777.4,518.5,309.1,585.2,576.1,710.2,663.5,705.5
12,896.4,914.1,456.4,806.9,502.4,797.0,457.1,274.9,545.0,466.9,618.6,88.0,0.0,453.6,541.3,793.8,837.4,505.7,567.9,301.3,743.1,244.7,405.0,611.3,603.3,921.2,708.6,337.5,897.2,277.6,325.0,305.4,564.7,548.2,560.7,589.2,776.0,393.8,571.2,377.4,204.0,719.0,524.0,429.5,563.0,570.3,776.4,536.6,875.3,67.3,896.6,628.4,546.1,456.9,69.6,1029.3,581.4,575.1,733.2,392.0,697.4,846.9,661.3,467.9,674.7,930.9,403.6,856.6,798.3,669.5,882.7,285.6,589.1,656.8,793.6,605.3,921.2,466.9,352.3,550.5,86.7,616.0,921.7,662.1,453.1,487.1,636.5,570.5,888.1,399.1,681.1,770.1,615.4,655.2,383.7,802.5,476.1,266.7,542.8,607.1,667.8,657.8,663.1
13,659.3,536.6,552.3,1010.9,795.1,1001.0,525.9,417.4,837.7,759.6,235.2,422.6,453.6,0.0,87.7,416.3,1041.4,122.3,437.2,443.8,365.6,498.7,145.5,815.3,511.2,641.9,912.6,464.8,446.0,570.3,452.3,596.0,660.6,141.0,456.4,793.2,322.4,443.9,187.8,503.0,496.7,425.9,140.6,633.5,454.1,116.7,820.6,632.5,497.8,437.3,1021.2,832.4,415.4,313.6,435.4,637.7,198.0,121.5,355.7,286.5,243.8,469.4,407.8,302.6,878.7,553.4,529.2,479.1,344.7,500.0,505.2,335.7,793.1,860.8,416.1,898.0,996.6,759.6,246.8,138.7,387.5,446.5,980.6,493.4,657.1,260.9,182.9,491.8,932.3,524.7,254.7,316.5,493.7,485.7,168.9,394.3,680.1,251.1,474.3,178.2,871.8,311.1,867.1
14,614.0,571.1,590.4,1098.6,882.8,1088.7,564.0,505.1,925.4,847.3,229.5,510.3,541.3,87.7,0.0,450.8,1114.9,95.8,474.1,531.5,400.1,586.4,233.2,903.0,545.7,676.4,1000.3,552.5,358.3,658.0,540.0,683.7,698.7,53.3,493.3,880.9,234.7,531.6,141.6,590.7,584.4,460.4,77.5,721.2,491.0,29.0,855.1,670.6,532.3,525.0,1055.7,920.1,452.3,268.3,523.1,550.0,131.4,76.2,390.2,333.2,156.1,382.2,442.3,257.3,966.4,587.9,616.9,391.9,257.0,534.5,539.7,423.4,880.8,948.5,450.6,985.7,1031.1,847.3,334.5,51.0,475.2,481.0,1015.1,527.9,744.8,303.2,95.2,528.7,966.8,612.4,167.0,228.8,528.2,520.2,256.6,306.6,767.8,338.8,511.2,132.9,959.5,345.6,954.8
15,823.9,120.3,496.6,789.0,1081.6,814.4,469.6,664.5,1124.2,1046.1,221.3,768.7,793.8,416.3,450.8,0.0,774.0,362.8,282.5,690.9,50.7,745.8,486.1,1059.0,349.1,225.6,1040.8,633.3,333.4,856.8,639.4,843.1,528.7,405.3,359.9,1036.9,298.9,468.9,325.1,590.3,783.2,263.8,381.1,877.2,357.6,421.8,514.2,576.8,81.5,783.4,714.8,1076.1,304.3,697.5,755.0,235.5,335.3,527.0,60.6,632.6,294.7,283.1,245.7,708.1,1122.4,137.1,551.8,292.8,288.3,337.9,88.9,526.6,1036.8,1104.5,0.2,1184.5,690.2,1046.1,592.9,407.6,707.1,284.4,674.2,331.3,900.8,314.0,390.4,364.9,625.9,568.6,283.8,293.0,331.6,323.6,435.4,238.7,923.8,561.6,377.8,583.7,965.7,149.0,932.8
16,1469.2,653.7,623.0,104.9,580.8,40.4,630.4,666.0,538.2,616.3,885.4,879.8,837.4,1041.4,1114.9,774.0,0.0,1026.9,682.0,650.4,824.7,592.7,972.2,423.4,569.2,601.8,282.3,767.5,1011.7,726.0,762.5,624.9,471.5,1069.4,637.4,383.5,965.6,717.9,989.2,724.5,633.4,830.5,1045.2,460.1,639.7,1085.9,259.8,637.8,703.6,859.1,59.2,440.5,696.4,1248.7,798.6,833.8,999.4,1162.9,834.6,1183.8,961.4,971.4,729.2,1259.7,385.8,735.4,686.0,981.1,976.6,661.0,734.2,761.9,458.8,367.9,774.2,477.9,83.8,616.3,1144.1,1071.7,798.7,683.9,219.7,600.4,466.9,862.0,1054.5,602.0,268.0,702.8,947.9,959.7,598.3,723.1,940.2,927.0,361.3,804.0,629.7,1219.6,207.2,769.3,174.3
17,709.8,483.1,498.8,1041.9,847.2,1053.1,472.4,469.5,889.8,811.7,181.7,474.7,505.7,122.3,95.8,362.8,1026.9,0.0,383.7,495.9,312.1,550.8,197.6,867.4,457.7,588.4,964.7,516.9,399.1,622.4,504.4,648.1,607.1,42.5,402.9,845.3,275.5,457.8,134.3,555.1,548.8,372.4,18.3,685.6,400.6,69.8,767.1,579.0,444.3,489.4,967.7,884.5,361.9,364.1,487.5,590.8,144.5,172.0,302.2,338.6,196.9,415.9,354.3,353.1,930.8,499.9,540.7,425.6,297.8,446.5,451.7,387.8,845.2,912.9,362.6,950.1,943.1,811.7,298.9,44.8,439.6,393.0,927.1,439.9,709.2,207.4,136.0,438.3,878.8,557.5,207.8,269.6,440.2,432.2,221.0,347.4,732.2,303.2,420.8,228.7,923.9,257.6,919.2
18,854.8,402.8,266.7,697.0,855.7,722.4,218.1,438.6,898.3,820.2,244.6,610.3,567.9,437.2,474.1,282.5,682.0,383.7,0.0,465.0,231.8,519.9,398.4,829.1,112.8,508.1,926.4,403.7,385.9,630.9,409.8,617.2,375.0,426.2,80.8,807.0,329.8,239.3,346.0,360.7,557.3,194.7,402.0,647.3,78.5,445.1,422.2,346.9,364.0,589.6,622.8,846.2,21.8,715.4,529.1,518.0,356.2,550.3,221.9,650.5,325.6,335.6,93.4,726.4,892.5,419.6,322.2,345.3,340.8,101.6,371.4,300.7,806.9,874.6,282.3,958.6,598.2,820.2,610.8,428.5,481.2,48.1,582.2,95.0,670.9,206.5,413.7,116.2,533.9,339.0,307.1,323.9,95.3,87.3,309.0,291.2,693.9,335.7,98.7,607.0,873.7,133.5,840.8
19,1103.1,811.2,296.3,619.9,510.2,610.0,297.0,68.4,552.8,474.7,527.7,343.7,301.3,443.8,531.5,690.9,650.4,495.9,465.0,0.0,640.2,107.7,374.6,424.3,500.1,761.1,521.6,177.4,794.3,286.8,164.9,205.0,404.6,538.4,457.5,402.2,711.7,275.4,550.2,217.3,148.4,616.1,514.2,242.5,459.8,560.5,616.3,373.3,772.4,323.0,709.6,441.4,443.2,679.0,262.5,926.4,560.4,565.3,630.3,614.1,633.1,744.0,558.4,690.0,487.7,828.0,243.5,753.7,734.0,566.6,779.8,164.3,402.1,469.8,690.7,579.8,734.2,474.7,574.4,540.7,262.6,513.1,734.7,558.9,266.1,384.2,626.7,467.3,728.0,239.0,590.2,705.8,512.2,552.3,342.6,699.6,289.1,206.4,439.6,622.0,480.8,554.9,476.1
20,773.2,171.0,445.9,839.7,1030.9,865.1,418.9,613.8,1073.5,995.4,170.6,718.0,743.1,365.6,400.1,50.7,824.7,312.1,231.8,640.2,0.0,695.1,435.4,1008.3,298.4,276.3,1091.5,582.6,282.7,806.1,588.7,792.4,554.2,354.6,309.2,986.2,248.2,418.2,274.4,539.6,732.5,213.1,330.4,826.5,306.9,371.1,564.9,526.1,132.2,732.7,765.5,1025.4,253.6,646.8,704.3,286.2,284.6,476.3,9.9,581.9,244.0,232.4,195.0,657.4,1071.7,187.8,501.1,242.1,237.6,287.2,139.6,475.9,986.1,1053.8,50.5,1133.8,740.9,995.4,542.2,356.9,656.4,233.7,724.9,280.6,850.1,263.3,339.7,314.2,676.6,517.9,233.1,242.3,280.9,272.9,384.7,188.0,873.1,510.9,327.1,533.0,1016.4,98.3,983.5
21,1095.5,854.5,351.2,562.2,402.5,552.3,351.9,123.3,445.1,367.0,582.6,287.1,244.7,498.7,586.4,745.8,592.7,550.8,519.9,107.7,695.1,0.0,429.5,366.6,555.0,802.6,463.9,232.3,849.2,179.1,219.8,97.3,446.1,593.3,512.4,344.5,766.6,330.3,605.1,272.2,40.7,671.0,569.1,184.8,514.7,615.4,657.8,315.6,827.3,266.4,651.9,383.7,498.1,656.0,205.9,981.3,615.3,620.2,685.2,591.1,688.0,798.9,613.3,667.0,430.0,882.9,298.4,808.6,788.9,621.5,834.7,219.2,344.4,412.1,745.6,505.4,676.5,367.0,551.4,595.6,206.0,568.0,677.0,613.8,208.4,439.1,681.6,522.2,725.3,293.9,645.1,760.7,567.1,607.2,397.5,754.5,231.4,261.3,494.5,676.9,423.1,609.8,418.4
22,804.8,606.4,510.8,941.7,725.9,931.8,484.4,348.2,768.5,690.4,306.2,447.4,405.0,145.5,233.2,486.1,972.2,197.6,398.4,374.6,435.4,429.5,0.0,746.1,485.8,711.7,843.4,395.1,589.5,501.1,382.6,526.8,619.1,240.1,417.6,724.0,467.9,374.2,263.1,433.3,427.5,411.3,215.9,564.3,415.3,262.2,795.2,591.0,567.6,426.7,995.8,763.2,376.6,392.8,366.2,721.6,273.3,267.0,425.5,327.9,389.3,539.2,393.2,403.8,809.5,623.2,459.5,548.9,490.2,485.4,575.0,266.0,723.9,791.6,485.9,828.8,971.2,690.4,288.2,242.4,318.3,431.9,955.2,478.8,587.9,222.0,328.4,453.0,906.9,455.0,368.7,462.0,479.1,471.1,120.2,494.8,610.9,181.4,435.5,323.7,802.6,350.1,797.9
23,1462.1,1058.5,605.6,392.9,525.9,383.0,613.0,439.9,483.3,557.5,899.2,653.7,611.3,815.3,903.0,1059.0,423.4,867.4,829.1,424.3,1008.3,366.6,746.1,0.0,816.9,1006.6,219.9,548.9,1162.4,499.9,536.4,398.8,650.1,909.9,774.3,39.9,1081.9,646.9,921.7,588.8,407.3,984.2,885.7,182.1,776.6,932.0,683.2,519.6,1108.4,633.0,482.6,17.1,807.3,1022.6,572.5,1238.6,931.9,936.8,998.4,957.7,1004.6,1112.1,922.5,1033.6,330.9,1140.2,615.0,1121.8,1104.2,891.7,1139.0,535.8,97.4,313.0,1058.8,423.0,507.2,557.5,918.0,912.2,572.6,877.2,507.7,875.7,247.2,755.7,998.2,784.1,556.0,610.5,961.7,1076.0,829.0,916.4,714.1,1067.7,204.7,577.9,756.4,993.5,216.2,923.0,249.1
24,921.4,469.4,254.5,584.2,890.8,609.6,205.9,473.7,933.4,855.3,316.2,645.7,603.3,511.2,545.7,349.1,569.2,457.7,112.8,500.1,298.4,555.0,485.8,816.9,0.0,454.2,836.0,391.5,452.5,666.0,397.6,645.1,318.3,500.2,68.2,794.8,396.4,227.1,420.0,348.5,592.4,261.3,476.0,635.1,70.5,516.7,309.4,334.7,430.6,625.0,510.0,834.0,127.2,792.4,564.5,584.6,430.2,621.9,288.5,727.5,392.2,402.2,160.0,803.0,880.3,486.2,310.0,411.9,407.4,91.8,438.0,336.1,794.7,862.4,348.9,972.4,485.4,855.3,687.8,502.5,516.6,114.7,469.4,75.8,658.7,292.8,485.3,32.8,421.1,326.8,378.7,390.5,29.1,153.9,395.3,357.8,681.7,415.0,60.5,678.6,760.9,200.1,728.0
25,977.4,105.3,508.0,616.8,1110.9,642.2,515.4,734.7,1124.5,1075.4,446.9,963.6,921.2,641.9,676.4,225.6,601.8,588.4,508.1,761.1,276.3,802.6,711.7,1006.6,454.2,0.0,868.6,652.5,519.9,927.0,658.6,834.8,356.5,630.9,522.4,969.8,524.5,602.9,550.7,609.5,843.3,489.4,606.7,824.8,524.7,647.4,342.0,522.8,155.2,942.9,542.6,1023.7,529.9,923.1,882.4,342.0,560.9,752.6,286.2,858.2,520.3,508.7,471.3,933.7,972.1,243.6,571.0,518.4,513.9,546.0,242.4,712.8,984.4,954.2,225.8,1064.2,518.0,1075.4,818.5,633.2,882.5,510.0,502.0,485.4,848.4,539.6,616.0,487.0,453.7,587.8,509.4,518.6,483.3,549.2,661.0,464.3,871.4,787.2,514.7,809.3,793.5,374.6,760.6
26,1559.4,920.5,702.9,251.8,486.3,241.9,710.3,537.2,443.7,521.8,996.5,751.0,708.6,912.6,1000.3,1040.8,282.3,964.7,926.4,521.6,1091.5,463.9,843.4,219.9,836.0,868.6,0.0,646.2,1259.7,597.2,633.7,496.1,738.3,1007.2,871.6,180.0,1179.2,744.2,1019.0,686.1,504.6,1081.5,983.0,331.3,873.9,1029.3,542.1,616.9,970.4,730.3,341.5,237.0,904.6,1119.9,669.8,1100.6,1029.2,1034.1,1095.7,1055.0,1101.9,1209.4,996.0,1130.9,291.3,1002.2,712.3,1219.1,1201.5,927.8,1001.0,633.1,255.3,273.4,1041.0,383.4,366.1,521.8,1015.3,1009.5,669.9,950.7,366.6,867.2,338.1,853.0,1095.5,868.8,414.9,707.8,1059.0,1173.3,865.1,989.9,811.4,1165.0,232.5,675.2,853.7,1090.8,75.1,1020.3,108.0
27,1124.1,704.4,187.7,744.5,568.1,734.6,188.4,151.0,610.7,532.6,492.5,379.9,337.5,464.8,552.5,633.3,767.5,516.9,403.7,177.4,582.6,232.3,395.1,548.9,391.5,652.5,646.2,0.0,736.7,343.3,12.5,329.6,296.0,559.4,348.9,526.8,656.2,166.8,518.7,43.0,269.7,558.5,535.2,367.1,351.2,581.5,507.7,267.9,714.8,359.2,708.3,566.0,381.9,712.1,298.7,868.8,528.9,586.3,572.7,647.2,597.9,686.4,497.1,723.1,612.3,770.4,81.5,696.1,678.5,466.3,722.2,129.1,526.7,594.4,633.1,671.0,683.7,532.6,607.5,561.7,298.8,451.8,667.7,450.3,390.7,349.0,599.9,358.7,619.4,64.7,555.0,650.3,403.6,491.0,362.6,642.0,413.7,226.4,331.0,643.0,605.4,497.3,600.7
28,501.5,453.7,600.0,1026.7,1185.0,1052.1,573.0,767.9,1227.6,1149.5,307.6,868.6,897.2,446.0,358.3,333.4,1011.7,399.1,385.9,794.3,282.7,849.2,589.5,1162.4,452.5,519.9,1259.7,736.7,0.0,960.2,742.8,946.5,708.3,356.6,463.3,1140.3,123.6,572.3,330.7,693.7,886.6,367.2,380.8,980.6,461.0,329.3,751.9,680.2,414.9,883.3,952.5,1179.5,407.7,571.7,858.4,191.7,320.5,434.5,272.8,636.6,202.2,170.3,349.1,560.7,1225.8,276.3,655.2,180.0,101.3,441.3,324.5,630.0,1140.2,1207.9,333.2,1287.9,927.9,1149.5,692.8,354.3,810.5,387.8,911.9,434.7,1004.2,417.4,297.9,468.3,863.6,672.0,245.1,129.5,435.0,427.0,538.8,94.7,1027.2,665.0,481.2,421.5,1203.4,252.4,1170.5
29,1128.4,977.1,462.2,695.5,224.8,685.6,462.9,280.7,267.4,189.3,693.6,320.0,277.6,570.3,658.0,856.8,726.0,622.4,630.9,286.8,806.1,179.1,501.1,499.9,666.0,927.0,597.2,343.3,960.2,0.0,330.8,129.8,570.5,664.9,623.4,477.8,877.6,441.3,676.7,383.2,141.0,782.0,640.7,318.1,625.7,687.0,782.2,448.9,938.3,299.3,785.2,517.0,609.1,688.9,235.7,1092.3,686.9,691.8,796.2,624.0,799.0,909.9,724.3,699.9,419.8,993.9,409.4,919.6,899.9,732.5,945.7,330.2,477.7,437.7,856.6,327.7,809.8,189.3,584.3,667.2,238.9,679.0,810.3,724.8,341.4,550.1,753.2,633.2,858.6,404.9,756.1,871.7,678.1,718.2,469.1,865.5,364.7,332.9,605.5,748.5,556.4,720.8,551.7
30,1111.6,710.5,193.8,732.0,555.6,722.1,194.5,138.5,598.2,520.1,480.0,367.4,325.0,452.3,540.0,639.4,762.5,504.4,409.8,164.9,588.7,219.8,382.6,536.4,397.6,658.6,633.7,12.5,742.8,330.8,0.0,317.1,302.1,546.9,355.0,514.3,662.3,172.9,506.2,55.5,257.2,564.6,522.7,354.6,357.3,569.0,513.8,274.0,720.9,346.7,714.4,553.5,388.0,699.6,286.2,874.9,516.4,573.8,578.8,634.7,585.4,692.5,503.2,710.6,599.8,776.5,94.0,702.2,684.6,472.4,728.3,116.6,514.2,581.9,639.2,658.5,689.8,520.1,595.0,549.2,286.3,457.9,673.8,456.4,378.2,336.5,587.4,364.8,625.5,77.2,542.5,656.4,409.7,497.1,350.1,648.1,401.2,213.9,337.1,630.5,592.9,503.4,588.2
31,1156.2,886.7,433.8,594.4,309.5,584.5,441.2,220.6,352.1,274.0,679.9,347.8,305.4,596.0,683.7,843.1,624.9,648.1,617.2,205.0,792.4,97.3,526.8,398.8,645.1,834.8,496.1,329.6,946.5,129.8,317.1,0.0,478.3,690.6,602.5,376.7,863.9,427.6,702.4,369.5,101.4,768.3,666.4,217.0,604.8,712.7,690.0,347.8,924.6,327.1,684.1,415.9,595.4,716.7,266.6,1066.8,712.6,717.5,782.5,651.8,785.3,896.2,710.6,727.7,462.2,968.4,395.7,905.9,886.2,718.8,932.0,316.5,376.6,444.3,842.9,412.4,708.7,274.0,612.1,692.9,266.7,665.3,709.2,703.9,240.6,536.4,778.9,612.3,757.5,391.2,742.4,858.0,657.2,704.5,494.8,851.8,263.6,358.6,584.6,774.2,455.3,707.1,450.6
32,1152.8,408.4,151.5,486.5,754.4,511.9,158.9,378.2,797.0,718.9,469.2,607.1,564.7,660.6,698.7,528.7,471.5,607.1,375.0,404.6,554.2,446.1,619.1,650.1,318.3,356.5,738.3,296.0,708.3,570.5,302.1,478.3,0.0,649.6,320.2,628.0,627.8,246.4,569.4,253.0,486.8,530.1,625.4,468.3,322.5,669.7,211.7,166.3,458.3,586.4,412.3,667.2,353.2,936.1,525.9,588.5,579.6,774.9,544.3,871.2,574.6,658.0,468.4,947.1,713.5,490.1,214.5,667.7,650.1,410.1,488.9,356.3,627.9,695.6,528.9,805.6,387.7,718.9,831.5,651.9,526.0,423.1,371.7,349.5,491.9,399.7,638.3,330.0,323.4,231.3,531.7,621.9,347.4,462.3,502.2,613.6,514.9,451.9,302.3,831.6,663.2,468.9,630.3
33,667.3,525.6,541.3,1084.4,889.7,1095.6,514.9,512.0,932.3,854.2,224.2,517.2,548.2,141.0,53.3,405.3,1069.4,42.5,426.2,538.4,354.6,593.3,240.1,909.9,500.2,630.9,1007.2,559.4,356.6,664.9,546.9,690.6,649.6,0.0,445.4,887.8,233.0,500.3,139.9,597.6,591.3,414.9,24.2,728.1,443.1,27.3,809.6,621.5,486.8,531.9,1010.2,927.0,404.4,321.6,530.0,548.3,129.7,129.5,344.7,381.1,154.4,380.5,396.8,310.6,973.3,542.4,583.2,390.2,255.3,489.0,494.2,430.3,887.7,955.4,405.1,992.6,985.6,854.2,341.4,2.3,482.1,435.5,969.6,482.4,751.7,249.9,93.5,480.8,921.3,600.0,165.3,227.1,482.7,474.7,263.5,304.9,774.7,345.7,463.3,186.2,966.4,300.1,961.7
34,932.2,480.2,211.9,652.4,848.2,677.8,163.3,431.1,890.8,812.7,263.8,603.1,560.7,456.4,493.3,359.9,637.4,402.9,80.8,457.5,309.2,512.4,417.6,774.3,68.2,522.4,871.6,348.9,463.3,623.4,355.0,602.5,320.2,445.4,0.0,752.2,407.2,184.5,365.2,305.9,549.8,272.1,421.2,592.5,2.3,464.3,377.6,292.1,441.4,582.4,578.2,791.4,59.0,734.6,521.9,595.4,375.4,569.5,299.3,669.7,369.2,413.0,174.2,745.6,837.7,497.0,267.4,422.7,418.2,143.0,448.8,293.5,752.1,819.8,359.7,929.8,553.6,812.7,630.0,447.7,474.0,128.9,537.6,127.0,616.1,224.6,432.9,35.4,489.3,284.2,326.3,401.3,80.3,168.1,327.1,368.6,639.1,353.8,17.9,626.2,829.1,210.9,796.2
35,1440.0,1021.7,583.5,353.0,486.0,343.1,590.9,417.8,443.4,521.5,877.1,631.6,589.2,793.2,880.9,1036.9,383.5,845.3,807.0,402.2,986.2,344.5,724.0,39.9,794.8,969.8,180.0,526.8,1140.3,477.8,514.3,376.7,628.0,887.8,752.2,0.0,1059.8,624.8,899.6,566.7,385.2,962.1,863.6,160.0,754.5,909.9,643.3,497.5,1071.6,610.9,442.7,57.0,785.2,1000.5,550.4,1201.8,909.8,914.7,976.3,935.6,982.5,1090.0,900.4,1011.5,291.0,1103.4,592.9,1099.7,1082.1,869.6,1102.2,513.7,75.3,273.1,1036.7,383.1,467.3,521.5,895.9,890.1,550.5,855.1,467.8,853.6,225.1,733.6,976.1,762.0,516.1,588.4,939.6,1053.9,806.9,894.3,692.0,1045.6,170.7,555.8,734.3,971.4,176.3,900.9,209.2
36,607.8,419.2,519.5,980.6,1102.4,1006.0,493.1,685.3,1145.0,1066.9,184.0,745.0,776.0,322.4,234.7,298.9,965.6,275.5,329.8,711.7,248.2,766.6,467.9,1081.9,396.4,524.5,1179.2,656.2,123.6,877.6,662.3,863.9,627.8,233.0,407.2,1059.8,0.0,491.8,207.1,613.2,804.0,311.1,257.2,900.1,404.9,205.7,705.8,599.7,380.4,759.7,906.4,1099.0,351.6,503.0,757.8,315.3,196.9,310.9,238.3,567.9,78.6,147.5,293.0,492.0,1145.3,399.9,574.7,157.2,22.3,385.2,387.8,547.4,1059.7,1127.4,298.7,1205.3,881.8,1066.9,569.2,230.7,709.9,331.7,865.8,378.6,923.7,327.5,174.3,412.2,817.5,591.5,121.5,5.9,378.9,370.9,420.4,71.9,946.7,552.2,425.1,367.6,1138.4,196.3,1124.4
37,1016.8,589.2,138.1,732.9,666.1,758.3,115.0,249.0,708.7,630.6,333.2,436.2,393.8,443.9,531.6,468.9,717.9,457.8,239.3,275.4,418.2,330.3,374.2,646.9,227.1,602.9,744.2,166.8,572.3,441.3,172.9,427.6,246.4,500.3,184.5,624.8,491.8,0.0,420.1,123.8,367.7,394.1,476.1,465.1,186.8,527.6,458.1,218.3,550.4,415.5,658.7,664.0,217.5,691.2,355.0,704.4,430.3,565.4,408.3,626.3,438.6,522.0,332.7,702.2,710.3,606.0,85.3,531.7,514.1,301.9,557.8,126.6,624.7,692.4,468.7,769.0,634.1,630.6,586.6,502.6,307.1,287.4,618.1,285.9,488.7,250.4,501.3,194.3,569.8,102.1,395.7,485.9,239.2,326.6,341.7,477.6,511.7,205.5,166.6,622.1,703.4,332.9,698.7
38,732.1,445.4,461.1,1004.2,901.5,1029.6,434.7,523.8,944.1,866.0,144.0,540.2,571.2,187.8,141.6,325.1,989.2,134.3,346.0,550.2,274.4,605.1,263.1,921.7,420.0,550.7,1019.0,518.7,330.7,676.7,506.2,702.4,569.4,139.9,365.2,899.6,207.1,420.1,0.0,541.5,603.1,334.7,152.6,739.9,362.9,112.6,729.4,541.3,406.6,554.9,930.0,938.8,324.2,409.9,552.5,522.4,10.2,217.8,264.5,404.1,128.5,354.6,316.6,398.9,985.1,462.2,503.0,364.3,229.4,408.8,414.0,389.6,899.5,967.2,324.9,1004.4,905.4,866.0,364.4,137.6,504.6,355.3,889.4,402.2,763.5,169.7,81.2,400.6,841.1,519.8,139.4,201.2,402.5,394.5,213.3,279.0,786.5,345.1,383.1,274.5,978.2,219.9,973.5
39,1138.2,661.4,144.7,739.5,608.0,764.9,145.4,190.9,650.6,572.5,454.6,419.8,377.4,503.0,590.7,590.3,724.5,555.1,360.7,217.3,539.6,272.2,433.3,588.8,348.5,609.5,686.1,43.0,693.7,383.2,55.5,369.5,253.0,597.6,305.9,566.7,613.2,123.8,541.5,0.0,309.6,515.5,573.4,407.0,308.2,619.7,464.7,224.9,671.8,399.1,665.3,605.9,338.9,750.3,338.6,825.8,551.7,624.5,529.7,685.4,560.0,643.4,454.1,761.3,652.2,727.4,38.5,653.1,635.5,423.3,679.2,169.0,566.6,634.3,590.1,710.9,640.7,572.5,645.7,599.9,338.7,408.8,624.7,407.3,430.6,371.8,622.7,315.7,576.4,21.7,517.1,607.3,360.6,448.0,400.8,599.0,453.6,264.6,288.0,681.2,645.3,454.3,640.6
40,1054.8,895.2,388.6,602.9,365.8,593.0,389.3,164.0,408.4,330.3,620.0,246.4,204.0,496.7,584.4,783.2,633.4,548.8,557.3,148.4,732.5,40.7,427.5,407.3,592.4,843.3,504.6,269.7,886.6,141.0,257.2,101.4,486.8,591.3,549.8,385.2,804.0,367.7,603.1,309.6,0.0,708.4,567.1,225.5,552.1,613.4,698.5,356.3,864.7,225.7,692.6,424.4,535.5,615.3,165.2,1018.7,613.3,618.2,722.6,550.4,725.4,836.3,650.7,626.3,470.7,920.3,335.8,846.0,826.3,658.9,872.1,256.6,385.1,452.8,783.0,468.7,717.2,330.3,510.7,593.6,165.3,605.4,717.7,651.2,249.1,476.5,679.6,559.6,766.0,331.3,682.5,798.1,604.5,644.6,395.5,791.9,272.1,259.3,531.9,674.9,463.8,647.2,459.1
41,836.1,384.1,421.8,845.5,1006.8,870.9,381.8,589.7,1049.4,971.3,230.9,761.4,719.0,425.9,460.4,263.8,830.5,372.4,194.7,616.1,213.1,671.0,411.3,984.2,261.3,489.4,1081.5,558.5,367.2,782.0,564.6,768.3,530.1,414.9,272.1,962.1,311.1,394.1,334.7,515.5,708.4,0.0,390.7,802.4,269.8,431.4,570.7,502.0,345.3,740.7,771.3,1001.3,216.5,707.1,680.2,499.3,344.9,536.6,203.2,642.2,306.9,316.9,157.9,717.7,1047.6,400.9,477.0,326.6,322.1,250.1,352.7,451.8,962.0,1029.7,263.6,1109.7,746.7,971.3,602.5,417.2,632.3,196.6,730.7,243.5,826.0,239.2,400.0,277.1,682.4,493.8,293.4,305.2,243.8,235.8,360.6,272.5,849.0,486.8,290.0,593.3,1022.2,114.8,989.3
42,691.5,501.4,517.1,1060.2,865.5,1071.4,490.7,487.8,908.1,830.0,200.0,493.0,524.0,140.6,77.5,381.1,1045.2,18.3,402.0,514.2,330.4,569.1,215.9,885.7,476.0,606.7,983.0,535.2,380.8,640.7,522.7,666.4,625.4,24.2,421.2,863.6,257.2,476.1,152.6,573.4,567.1,390.7,0.0,703.9,418.9,51.5,785.4,597.3,462.6,507.7,986.0,902.8,380.2,345.8,505.8,572.5,153.9,153.7,320.5,356.9,178.6,404.7,372.6,334.8,949.1,518.2,559.0,414.4,279.5,464.8,470.0,406.1,863.5,931.2,380.9,968.4,961.4,830.0,317.2,26.5,457.9,411.3,945.4,458.2,727.5,225.7,117.7,456.6,897.1,575.8,189.5,251.3,458.5,450.5,239.3,329.1,750.5,321.5,439.1,210.4,942.2,275.9,937.5
43,1280.3,876.7,423.8,429.6,421.6,419.7,431.2,258.1,449.8,386.1,717.4,471.9,429.5,633.5,721.2,877.2,460.1,685.6,647.3,242.5,826.5,184.8,564.3,182.1,635.1,824.8,331.3,367.1,980.6,318.1,354.6,217.0,468.3,728.1,592.5,160.0,900.1,465.1,739.9,407.0,225.5,802.4,703.9,0.0,594.8,750.2,680.0,337.8,926.6,451.2,519.3,199.2,625.5,840.8,390.7,1056.8,750.1,755.0,816.6,775.9,822.8,930.3,740.7,851.8,297.4,958.4,433.2,940.0,922.4,709.9,957.2,354.0,159.9,279.5,877.0,389.5,543.9,386.1,736.2,730.4,390.8,695.4,544.4,693.9,75.8,573.9,816.4,602.3,592.7,428.7,779.9,894.2,647.2,734.6,532.3,885.9,98.8,396.1,574.6,811.7,290.5,741.2,285.8
44,929.9,477.9,214.2,654.7,850.5,680.1,165.6,433.4,893.1,815.0,261.5,605.4,563.0,454.1,491.0,357.6,639.7,400.6,78.5,459.8,306.9,514.7,415.3,776.6,70.5,524.7,873.9,351.2,461.0,625.7,357.3,604.8,322.5,443.1,2.3,754.5,404.9,186.8,362.9,308.2,552.1,269.8,418.9,594.8,0.0,462.0,379.9,294.4,439.1,584.7,580.5,793.7,56.7,732.3,524.2,593.1,373.1,567.2,297.0,667.4,366.9,410.7,171.9,743.3,840.0,494.7,269.7,420.4,415.9,145.3,446.5,295.8,754.4,822.1,357.4,932.1,555.9,815.0,627.7,445.4,476.3,126.6,539.9,129.3,618.4,222.3,430.6,37.7,491.6,286.5,324.0,399.0,82.6,165.8,324.8,366.3,641.4,351.5,20.2,623.9,831.4,208.6,798.5
45,643.0,542.1,561.4,1100.9,911.8,1117.7,535.0,534.1,954.4,876.3,200.5,539.3,570.3,116.7,29.0,421.8,1085.9,69.8,445.1,560.5,371.1,615.4,262.2,932.0,516.7,647.4,1029.3,581.5,329.3,687.0,569.0,712.7,669.7,27.3,464.3,909.9,205.7,527.6,112.6,619.7,613.4,431.4,51.5,750.2,462.0,0.0,826.1,641.6,503.3,554.0,1026.7,949.1,423.3,297.3,552.1,521.0,102.4,105.2,361.2,362.2,127.1,353.2,413.3,286.3,995.4,558.9,610.5,362.9,228.0,505.5,510.7,452.4,909.8,977.5,421.6,1014.7,1002.1,876.3,363.5,25.0,504.2,452.0,986.1,498.9,773.8,277.2,66.2,499.7,937.8,627.3,138.0,199.8,499.2,491.2,285.6,277.6,796.8,367.8,482.2,161.9,988.5,316.6,983.8
46,1209.4,393.9,363.2,311.8,840.6,300.2,370.6,589.9,798.0,876.1,625.6,818.8,776.4,820.6,855.1,514.2,259.8,767.1,422.2,616.3,564.9,657.8,795.2,683.2,309.4,342.0,542.1,507.7,751.9,782.2,513.8,690.0,211.7,809.6,377.6,643.3,705.8,458.1,729.4,464.7,698.5,570.7,785.4,680.0,379.9,826.1,0.0,378.0,443.8,798.1,200.6,700.3,436.6,1101.8,737.6,574.0,739.6,931.3,574.8,1036.9,701.6,711.6,469.4,1112.4,645.6,475.6,426.2,721.3,716.8,401.2,474.4,568.0,718.6,627.7,514.4,737.7,176.0,876.1,997.2,811.9,737.7,424.1,197.0,340.6,703.6,602.2,794.7,342.2,148.7,443.0,688.1,699.9,338.5,463.3,704.7,667.2,621.1,663.6,369.9,988.0,467.0,509.5,434.1
47,1124.7,574.7,123.4,652.8,623.9,678.2,130.8,350.1,666.5,588.4,441.1,579.0,536.6,632.5,670.6,576.8,637.8,579.0,346.9,373.3,526.1,315.6,591.0,519.6,334.7,522.8,616.9,267.9,680.2,448.9,274.0,347.8,166.3,621.5,292.1,497.5,599.7,218.3,541.3,224.9,356.3,502.0,597.3,337.8,294.4,641.6,378.0,0.0,624.6,558.3,578.6,536.7,325.1,908.0,497.8,754.8,551.5,746.8,516.2,843.1,546.5,629.9,440.3,919.0,583.0,656.4,186.4,639.6,622.0,409.5,655.2,328.2,497.4,565.1,576.6,675.1,554.0,588.4,803.4,623.8,497.9,395.0,538.0,393.5,361.4,371.6,610.2,301.9,489.7,203.2,503.6,593.8,346.8,434.2,474.1,585.5,384.4,423.8,274.2,803.5,576.1,440.8,571.4
48,905.4,49.9,578.1,718.6,1163.1,744.0,551.1,746.0,1205.7,1127.6,302.8,850.2,875.3,497.8,532.3,81.5,703.6,444.3,364.0,772.4,132.2,827.3,567.6,1108.4,430.6,155.2,970.4,714.8,414.9,938.3,720.9,924.6,458.3,486.8,441.4,1071.6,380.4,550.4,406.6,671.8,864.7,345.3,462.6,926.6,439.1,503.3,443.8,624.6,0.0,864.9,644.4,1125.5,385.8,779.0,836.5,286.4,416.8,608.5,142.1,714.1,376.2,364.6,327.2,789.6,1073.9,188.0,633.3,374.3,369.8,419.4,139.8,608.1,1086.2,1056.0,81.7,1166.0,619.8,1127.6,674.4,489.1,788.6,365.9,603.8,412.8,950.2,395.5,471.9,446.4,555.5,650.1,365.3,374.5,413.1,405.1,516.9,320.2,973.2,643.1,459.3,665.2,895.3,230.5,862.4
49,880.1,903.7,478.1,828.6,524.1,818.7,478.8,296.6,566.7,488.6,602.3,71.7,67.3,437.3,525.0,783.4,859.1,489.4,589.6,323.0,732.7,266.4,426.7,633.0,625.0,942.9,730.3,359.2,883.3,299.3,346.7,327.1,586.4,531.9,582.4,610.9,759.7,415.5,554.9,399.1,225.7,740.7,507.7,451.2,584.7,554.0,798.1,558.3,864.9,0.0,918.3,650.1,567.8,440.6,91.3,1018.9,565.1,558.8,722.8,375.7,681.1,836.5,683.0,451.6,696.4,920.5,425.3,846.2,782.0,691.2,872.3,307.3,610.8,678.5,783.2,627.0,942.9,488.6,336.0,534.2,108.4,637.7,943.4,683.8,474.8,508.8,620.2,592.2,909.8,420.8,664.8,753.8,637.1,676.9,405.4,792.1,497.8,288.4,564.5,590.8,689.5,678.2,684.8
50,1410.0,594.5,563.8,164.1,640.0,99.6,571.2,725.2,597.4,675.5,826.2,939.0,896.6,1021.2,1055.7,714.8,59.2,967.7,622.8,709.6,765.5,651.9,995.8,482.6,510.0,542.6,341.5,708.3,952.5,785.2,714.4,684.1,412.3,1010.2,578.2,442.7,906.4,658.7,930.0,665.3,692.6,771.3,986.0,519.3,580.5,1026.7,200.6,578.6,644.4,918.3,0.0,499.7,637.2,1302.4,857.8,774.6,940.2,1131.9,775.4,1237.5,902.2,912.2,670.0,1313.0,445.0,676.2,626.8,921.9,917.4,601.8,675.0,768.6,518.0,427.1,715.0,537.1,24.6,675.5,1197.8,1012.5,857.9,624.7,278.9,541.2,526.1,802.8,995.3,542.8,327.2,643.6,888.7,900.5,539.1,663.9,905.3,867.8,420.5,863.2,570.5,1188.6,266.4,710.1,233.5
51,1479.2,1075.6,622.7,410.0,543.0,400.1,630.1,457.0,500.4,574.6,916.3,670.8,628.4,832.4,920.1,1076.1,440.5,884.5,846.2,441.4,1025.4,383.7,763.2,17.1,834.0,1023.7,237.0,566.0,1179.5,517.0,553.5,415.9,667.2,927.0,791.4,57.0,1099.0,664.0,938.8,605.9,424.4,1001.3,902.8,199.2,793.7,949.1,700.3,536.7,1125.5,650.1,499.7,0.0,824.4,1039.7,589.6,1255.7,949.0,953.9,1015.5,974.8,1021.7,1129.2,939.6,1050.7,348.0,1157.3,632.1,1138.9,1121.3,908.8,1156.1,552.9,114.5,330.1,1075.9,440.1,524.3,574.6,935.1,929.3,589.7,894.3,524.8,892.8,264.3,772.8,1015.3,801.2,573.1,627.6,978.8,1093.1,846.1,933.5,731.2,1084.8,221.8,595.0,773.5,1010.6,233.3,940.1,266.2
52,876.6,424.6,244.9,711.4,833.9,736.8,196.3,416.8,876.5,798.4,222.8,588.5,546.1,415.4,452.3,304.3,696.4,361.9,21.8,443.2,253.6,498.1,376.6,807.3,127.2,529.9,904.6,381.9,407.7,609.1,388.0,595.4,353.2,404.4,59.0,785.2,351.6,217.5,324.2,338.9,535.5,216.5,380.2,625.5,56.7,423.3,436.6,325.1,385.8,567.8,637.2,824.4,0.0,693.6,507.3,539.8,334.4,528.5,243.7,628.7,328.2,357.4,115.2,704.6,870.7,441.4,300.4,367.1,362.6,123.4,393.2,278.9,785.1,852.8,304.1,936.8,612.6,798.4,589.0,406.7,459.4,69.9,596.6,116.8,649.1,184.7,391.9,94.4,548.3,317.2,285.3,345.7,117.1,109.1,287.2,313.0,672.1,313.9,76.9,585.2,863.8,155.3,855.2
53,439.5,817.8,827.8,1218.2,913.7,1208.3,801.4,652.6,956.3,878.2,497.8,425.9,456.9,313.6,268.3,697.5,1248.7,364.1,715.4,679.0,646.8,656.0,392.8,1022.6,792.4,923.1,1119.9,712.1,571.7,688.9,699.6,716.7,936.1,321.6,734.6,1000.5,503.0,691.2,409.9,750.3,615.3,707.1,345.8,840.8,732.3,297.3,1101.8,908.0,779.0,440.6,1302.4,1039.7,693.6,0.0,480.9,719.4,399.7,192.1,636.9,64.9,424.4,650.5,689.0,11.0,1086.0,804.0,776.5,660.2,525.3,781.2,786.4,583.0,1000.4,1068.1,697.3,1016.6,1277.8,878.2,140.6,319.3,498.0,727.7,1261.8,774.6,864.4,539.0,363.5,770.0,1213.5,772.0,435.3,497.1,774.9,766.9,437.2,574.9,887.4,498.4,752.5,150.2,1079.1,592.3,1074.4
54,920.4,875.3,417.6,768.1,460.5,758.2,418.3,236.1,503.1,425.0,591.8,112.0,69.6,435.4,523.1,755.0,798.6,487.5,529.1,262.5,704.3,205.9,366.2,572.5,564.5,882.4,669.8,298.7,858.4,235.7,286.2,266.6,525.9,530.0,521.9,550.4,757.8,355.0,552.5,338.6,165.2,680.2,505.8,390.7,524.2,552.1,737.6,497.8,836.5,91.3,857.8,589.6,507.3,480.9,0.0,990.5,562.7,556.9,694.4,416.0,679.2,808.1,622.5,491.9,635.9,892.1,364.8,817.8,780.1,630.7,843.9,246.8,550.3,618.0,754.8,563.4,882.4,425.0,376.3,532.3,47.9,577.2,882.9,623.3,414.3,448.3,618.3,531.7,849.3,360.3,654.3,751.9,576.6,616.4,344.9,763.7,437.3,227.9,504.0,613.6,629.0,619.0,624.3
55,649.2,325.2,732.1,848.8,1317.1,874.2,705.1,900.0,1356.5,1281.6,456.8,1004.2,1029.3,637.7,550.0,235.5,833.8,590.8,518.0,926.4,286.2,981.3,721.6,1238.6,584.6,342.0,1100.6,868.8,191.7,1092.3,874.9,1066.8,588.5,548.3,595.4,1201.8,315.3,704.4,522.4,825.8,1018.7,499.3,572.5,1056.8,593.1,521.0,574.0,754.8,286.4,1018.9,774.6,1255.7,539.8,719.4,990.5,0.0,512.2,625.9,296.1,784.3,393.9,362.0,481.2,708.4,1204.1,98.4,787.3,371.7,293.0,573.4,146.6,762.1,1216.4,1186.2,235.7,1296.2,750.0,1281.6,828.4,546.0,942.6,519.9,734.0,566.8,1080.4,549.5,489.6,600.4,685.7,804.1,436.8,321.2,567.1,559.1,670.9,286.4,1103.4,797.1,613.3,569.2,1025.5,384.5,992.6
56,721.9,455.6,471.3,1014.4,911.7,1039.8,444.9,534.0,954.3,876.2,154.2,550.4,581.4,198.0,131.4,335.3,999.4,144.5,356.2,560.4,284.6,615.3,273.3,931.9,430.2,560.9,1029.2,528.9,320.5,686.9,516.4,712.6,579.6,129.7,375.4,909.8,196.9,430.3,10.2,551.7,613.3,344.9,153.9,750.1,373.1,102.4,739.6,551.5,416.8,565.1,940.2,949.0,334.4,399.7,562.7,512.2,0.0,207.6,274.7,414.3,118.3,344.4,326.8,388.7,995.3,472.4,513.2,354.1,219.2,419.0,424.2,399.8,909.7,977.4,335.1,1014.6,915.6,876.2,374.6,127.4,514.8,365.5,899.6,412.4,773.7,179.9,71.0,410.8,851.3,530.0,129.2,191.0,412.7,404.7,223.5,268.8,796.7,355.3,393.3,264.3,988.4,230.1,983.7
57,537.8,647.3,666.6,1132.4,916.6,1122.5,640.2,538.9,959.2,881.1,305.7,544.1,575.1,121.5,76.2,527.0,1162.9,172.0,550.3,565.3,476.3,620.2,267.0,936.8,621.9,752.6,1034.1,586.3,434.5,691.8,573.8,717.5,774.9,129.5,569.5,914.7,310.9,565.4,217.8,624.5,618.2,536.6,153.7,755.0,567.2,105.2,931.3,746.8,608.5,558.8,1131.9,953.9,528.5,192.1,556.9,625.9,207.6,0.0,466.4,257.0,232.3,458.4,518.5,181.1,1000.2,664.1,650.7,468.1,333.2,610.7,615.9,457.2,914.6,982.3,526.8,1019.5,1107.3,881.1,332.7,127.2,509.0,557.2,1091.3,604.1,778.6,379.4,171.4,604.9,1043.0,646.2,243.2,305.0,604.4,596.4,290.4,382.8,801.6,372.6,587.4,56.7,993.3,421.8,988.6
58,763.3,180.9,436.0,849.6,1021.0,875.0,409.0,603.9,1063.6,985.5,160.7,708.1,733.2,355.7,390.2,60.6,834.6,302.2,221.9,630.3,9.9,685.2,425.5,998.4,288.5,286.2,1095.7,572.7,272.8,796.2,578.8,782.5,544.3,344.7,299.3,976.3,238.3,408.3,264.5,529.7,722.6,203.2,320.5,816.6,297.0,361.2,574.8,516.2,142.1,722.8,775.4,1015.5,243.7,636.9,694.4,296.1,274.7,466.4,0.0,572.0,234.1,222.5,185.1,647.5,1061.8,197.7,491.2,232.2,227.7,277.3,149.5,466.0,976.2,1043.9,60.4,1123.9,750.8,985.5,532.3,347.0,646.5,223.8,734.8,270.7,840.2,253.4,329.8,304.3,686.5,508.0,223.2,232.4,271.0,263.0,374.8,178.1,863.2,501.0,317.2,523.1,1026.3,88.4,993.4
59,504.4,752.9,762.9,1153.3,848.8,1143.4,736.5,587.7,891.4,813.3,451.5,361.0,392.0,286.5,333.2,632.6,1183.8,338.6,650.5,614.1,581.9,591.1,327.9,957.7,727.5,858.2,1055.0,647.2,636.6,624.0,634.7,651.8,871.2,381.1,669.7,935.6,567.9,626.3,404.1,685.4,550.4,642.2,356.9,775.9,667.4,362.2,1036.9,843.1,714.1,375.7,1237.5,974.8,628.7,64.9,416.0,784.3,414.3,257.0,572.0,0.0,489.3,685.7,624.1,75.9,1021.1,769.7,711.6,695.4,590.2,716.3,721.5,518.1,935.5,1003.2,632.4,951.7,1212.9,813.3,75.7,383.4,433.1,662.8,1196.9,709.7,799.5,474.1,428.4,705.1,1148.6,707.1,500.2,562.0,710.0,702.0,372.3,639.8,822.5,433.5,687.6,215.1,1014.2,527.4,1009.5
60,603.6,415.0,466.3,976.4,1023.8,1001.8,439.9,606.7,1066.4,988.3,105.4,666.4,697.4,243.8,156.1,294.7,961.4,196.9,325.6,633.1,244.0,688.0,389.3,1004.6,392.2,520.3,1101.9,597.9,202.2,799.0,585.4,785.3,574.6,154.4,369.2,982.5,78.6,438.6,128.5,560.0,725.4,306.9,178.6,822.8,366.9,127.1,701.6,546.5,376.2,681.1,902.2,1021.7,328.2,424.4,679.2,393.9,118.3,232.3,234.1,489.3,0.0,226.1,288.8,413.4,1068.0,431.8,521.5,235.8,100.9,381.0,383.6,468.8,982.4,1050.1,294.5,1126.7,877.6,988.3,490.6,152.1,631.3,327.5,861.6,374.4,846.4,248.9,95.7,404.6,813.3,538.3,42.9,72.7,374.7,366.7,341.8,150.5,869.4,473.6,387.1,289.0,1061.1,192.1,1056.4
61,671.8,403.4,549.7,986.4,1134.7,1011.8,522.7,717.6,1177.3,1099.2,274.4,821.8,846.9,469.4,382.2,283.1,971.4,415.9,335.6,744.0,232.4,798.9,539.2,1112.1,402.2,508.7,1209.4,686.4,170.3,909.9,692.5,896.2,658.0,380.5,413.0,1090.0,147.5,522.0,354.6,643.4,836.3,316.9,404.7,930.3,410.7,353.2,711.6,629.9,364.6,836.5,912.2,1129.2,357.4,650.5,808.1,362.0,344.4,458.4,222.5,685.7,226.1,0.0,298.8,639.5,1175.5,420.2,604.9,32.3,125.2,391.0,372.0,579.7,1089.9,1157.6,282.9,1237.6,887.6,1099.2,646.0,378.2,760.2,337.5,871.6,384.4,953.9,367.1,321.8,418.0,823.3,621.7,269.0,153.4,384.7,376.7,488.5,75.6,976.9,614.7,430.9,515.1,1163.1,202.1,1130.2
62,818.0,366.0,360.1,744.2,949.1,769.6,311.5,532.0,991.7,913.6,212.8,703.7,661.3,407.8,442.3,245.7,729.2,354.3,93.4,558.4,195.0,613.3,393.2,922.5,160.0,471.3,996.0,497.1,349.1,724.3,503.2,710.6,468.4,396.8,174.2,900.4,293.0,332.7,316.6,454.1,650.7,157.9,372.6,740.7,171.9,413.3,469.4,440.3,327.2,683.0,670.0,939.6,115.2,689.0,622.5,481.2,326.8,518.5,185.1,624.1,288.8,298.8,0.0,699.6,985.9,382.8,415.6,308.5,304.0,148.8,334.6,394.1,900.3,968.0,245.5,1052.0,645.4,913.6,584.4,399.1,574.6,95.3,629.4,142.2,764.3,221.1,381.9,175.8,581.1,432.4,275.3,287.1,142.5,94.7,342.5,254.4,787.3,429.1,192.1,575.2,920.9,96.7,888.0
63,428.5,828.4,838.8,1229.2,924.7,1219.3,812.4,663.6,967.3,889.2,486.8,436.9,467.9,302.6,257.3,708.1,1259.7,353.1,726.4,690.0,657.4,667.0,403.8,1033.6,803.0,933.7,1130.9,723.1,560.7,699.9,710.6,727.7,947.1,310.6,745.6,1011.5,492.0,702.2,398.9,761.3,626.3,717.7,334.8,851.8,743.3,286.3,1112.4,919.0,789.6,451.6,1313.0,1050.7,704.6,11.0,491.9,708.4,388.7,181.1,647.5,75.9,413.4,639.5,699.6,0.0,1097.0,793.0,787.5,649.2,514.3,791.8,797.0,594.0,1011.4,1079.1,707.9,1027.6,1288.4,889.2,151.6,308.3,509.0,738.3,1272.4,785.2,875.4,550.0,352.5,781.0,1224.1,783.0,424.3,486.1,785.5,777.5,448.2,563.9,898.4,509.4,763.5,139.2,1090.1,602.9,1085.4
64,1525.5,1024.0,669.0,355.3,195.0,345.4,676.4,503.3,152.4,230.5,962.6,717.1,674.7,878.7,966.4,1122.4,385.8,930.8,892.5,487.7,1071.7,430.0,809.5,330.9,880.3,972.1,291.3,612.3,1225.8,419.8,599.8,462.2,713.5,973.3,837.7,291.0,1145.3,710.3,985.1,652.2,470.7,1047.6,949.1,297.4,840.0,995.4,645.6,583.0,1073.9,696.4,445.0,348.0,870.7,1086.0,635.9,1204.1,995.3,1000.2,1061.8,1021.1,1068.0,1175.5,985.9,1097.0,0.0,1105.7,678.4,1185.2,1167.6,955.1,1104.5,599.2,366.3,17.9,1122.2,92.1,469.6,230.5,981.4,975.6,636.0,940.6,470.1,939.1,304.2,819.1,1061.6,847.5,518.4,673.9,1025.1,1139.4,892.4,979.8,777.5,1131.1,198.6,641.3,819.8,1056.9,216.2,986.4,211.5
65,733.8,226.8,633.7,750.4,1218.7,775.8,606.7,801.6,1258.1,1183.2,358.4,905.8,930.9,553.4,587.9,137.1,735.4,499.9,419.6,828.0,187.8,882.9,623.2,1140.2,486.2,243.6,1002.2,770.4,276.3,993.9,776.5,968.4,490.1,542.4,497.0,1103.4,399.9,606.0,462.2,727.4,920.3,400.9,518.2,958.4,494.7,558.9,475.6,656.4,188.0,920.5,676.2,1157.3,441.4,804.0,892.1,98.4,472.4,664.1,197.7,769.7,431.8,420.2,382.8,793.0,1105.7,0.0,688.9,429.9,377.6,475.0,48.2,663.7,1118.0,1087.8,137.3,1197.8,651.6,1183.2,730.0,544.7,844.2,421.5,635.6,468.4,982.0,451.1,527.5,502.0,587.3,705.7,420.9,405.8,468.7,460.7,572.5,371.0,1005.0,698.7,514.9,653.8,927.1,286.1,894.2
66,1099.7,622.9,106.2,701.0,634.2,726.4,106.9,217.1,676.8,598.7,416.1,446.0,403.6,529.2,616.9,551.8,686.0,540.7,322.2,243.5,501.1,298.4,459.5,615.0,310.0,571.0,712.3,81.5,655.2,409.4,94.0,395.7,214.5,583.2,267.4,592.9,574.7,85.3,503.0,38.5,335.8,477.0,559.0,433.2,269.7,610.5,426.2,186.4,633.3,425.3,626.8,632.1,300.4,776.5,364.8,787.3,513.2,650.7,491.2,711.6,521.5,604.9,415.6,787.5,678.4,688.9,0.0,614.6,597.0,384.8,640.7,195.2,592.8,660.5,551.6,737.1,602.2,598.7,671.9,585.5,364.9,370.3,586.2,368.8,456.8,333.3,584.2,277.2,537.9,16.8,478.6,568.8,322.1,409.5,427.0,560.5,479.8,290.8,249.5,707.4,671.5,415.8,666.8
67,681.5,413.1,559.4,996.1,1144.4,1021.5,532.4,727.3,1187.0,1108.9,284.1,831.5,856.6,479.1,391.9,292.8,981.1,425.6,345.3,753.7,242.1,808.6,548.9,1121.8,411.9,518.4,1219.1,696.1,180.0,919.6,702.2,905.9,667.7,390.2,422.7,1099.7,157.2,531.7,364.3,653.1,846.0,326.6,414.4,940.0,420.4,362.9,721.3,639.6,374.3,846.2,921.9,1138.9,367.1,660.2,817.8,371.7,354.1,468.1,232.2,695.4,235.8,32.3,308.5,649.2,1185.2,429.9,614.6,0.0,134.9,400.7,381.7,589.4,1099.6,1167.3,292.6,1247.3,897.3,1108.9,655.7,387.9,769.9,347.2,881.3,394.1,963.6,376.8,331.5,427.7,833.0,631.4,278.7,163.1,394.4,386.4,498.2,85.3,986.6,624.4,440.6,524.8,1172.8,211.8,1139.9
68,602.8,408.6,541.8,991.6,1124.7,1017.0,515.4,707.6,1167.3,1089.2,206.3,767.3,798.3,344.7,257.0,288.3,976.6,297.8,340.8,734.0,237.6,788.9,490.2,1104.2,407.4,513.9,1201.5,678.5,101.3,899.9,684.6,886.2,650.1,255.3,418.2,1082.1,22.3,514.1,229.4,635.5,826.3,322.1,279.5,922.4,415.9,228.0,716.8,622.0,369.8,782.0,917.4,1121.3,362.6,525.3,780.1,293.0,219.2,333.2,227.7,590.2,100.9,125.2,304.0,514.3,1167.6,377.6,597.0,134.9,0.0,396.2,377.2,569.7,1082.0,1149.7,288.1,1227.6,892.8,1089.2,591.5,253.0,732.2,342.7,876.8,389.6,946.0,349.8,196.6,423.2,828.5,613.8,143.8,28.2,389.9,381.9,442.7,49.6,969.0,574.5,436.1,389.9,1160.7,207.3,1135.4
69,910.2,458.2,329.3,676.0,957.3,701.4,280.7,540.2,999.9,921.8,305.0,711.9,669.5,500.0,534.5,337.9,661.0,446.5,101.6,566.6,287.2,621.5,485.4,891.7,91.8,546.0,927.8,466.3,441.3,732.5,472.4,718.8,410.1,489.0,143.0,869.6,385.2,301.9,408.8,423.3,658.9,250.1,464.8,709.9,145.3,505.5,401.2,409.5,419.4,691.2,601.8,908.8,123.4,781.2,630.7,573.4,419.0,610.7,277.3,716.3,381.0,391.0,148.8,791.8,955.1,475.0,384.8,400.7,396.2,0.0,426.8,402.3,869.5,937.2,337.7,1047.2,577.2,921.8,676.6,491.3,582.8,103.5,561.2,74.0,733.5,308.1,474.1,107.6,512.9,401.6,367.5,379.3,74.3,142.7,410.6,346.6,756.5,437.3,135.3,667.4,852.7,188.9,819.8
70,782.0,178.6,585.5,749.2,1170.5,774.6,558.5,753.4,1213.1,1135.0,310.2,857.6,882.7,505.2,539.7,88.9,734.2,451.7,371.4,779.8,139.6,834.7,575.0,1139.0,438.0,242.4,1001.0,722.2,324.5,945.7,728.3,932.0,488.9,494.2,448.8,1102.2,387.8,557.8,414.0,679.2,872.1,352.7,470.0,957.2,446.5,510.7,474.4,655.2,139.8,872.3,675.0,1156.1,393.2,786.4,843.9,146.6,424.2,615.9,149.5,721.5,383.6,372.0,334.6,797.0,1104.5,48.2,640.7,381.7,377.2,426.8,0.0,615.5,1116.8,1086.6,89.1,1196.6,650.4,1135.0,681.8,496.5,796.0,373.3,634.4,420.2,980.8,402.9,479.3,453.8,586.1,657.5,372.7,381.9,420.5,412.5,524.3,327.6,1003.8,650.5,466.7,672.6,925.9,237.9,893.0
71,995.0,646.9,248.0,731.4,555.0,721.5,229.2,137.9,597.6,519.5,363.4,328.0,285.6,335.7,423.4,526.6,761.9,387.8,300.7,164.3,475.9,219.2,266.0,535.8,336.1,712.8,633.1,129.1,630.0,330.2,116.6,316.5,356.3,430.3,293.5,513.7,547.4,126.6,389.6,169.0,256.6,451.8,406.1,354.0,295.8,452.4,568.0,328.2,608.1,307.3,768.6,552.9,278.9,583.0,246.8,762.1,399.8,457.2,466.0,518.1,468.8,579.7,394.1,594.0,599.2,663.7,195.2,589.4,569.7,402.3,615.5,0.0,513.6,581.3,526.4,657.9,744.0,519.5,478.4,432.6,198.9,348.8,728.0,394.9,377.6,219.9,470.8,303.3,679.7,190.7,425.9,541.5,348.2,388.0,233.5,535.3,400.6,97.3,275.6,513.9,592.3,390.6,587.6
72,1439.9,1036.3,583.4,428.3,561.3,418.4,590.8,417.7,518.7,535.3,877.0,631.5,589.1,793.1,880.8,1036.8,458.8,845.2,806.9,402.1,986.1,344.4,723.9,97.4,794.7,984.4,255.3,526.7,1140.2,477.7,514.2,376.6,627.9,887.7,752.1,75.3,1059.7,624.7,899.5,566.6,385.1,962.0,863.5,159.9,754.4,909.8,718.6,497.4,1086.2,610.8,518.0,114.5,785.1,1000.4,550.3,1216.4,909.7,914.6,976.2,935.5,982.4,1089.9,900.3,1011.4,366.3,1118.0,592.8,1099.6,1082.0,869.5,1116.8,513.6,0.0,348.4,1036.6,458.4,542.6,535.3,895.8,890.0,550.4,855.0,543.1,853.5,225.0,733.5,976.0,761.9,591.4,588.3,939.5,1053.8,806.8,894.2,691.9,1045.5,182.5,555.7,734.2,971.3,251.6,900.8,284.5
73,1507.6,1006.1,651.1,337.4,212.9,327.5,658.5,485.4,170.3,248.4,944.7,699.2,656.8,860.8,948.5,1104.5,367.9,912.9,874.6,469.8,1053.8,412.1,791.6,313.0,862.4,954.2,273.4,594.4,1207.9,437.7,581.9,444.3,695.6,955.4,819.8,273.1,1127.4,692.4,967.2,634.3,452.8,1029.7,931.2,279.5,822.1,977.5,627.7,565.1,1056.0,678.5,427.1,330.1,852.8,1068.1,618.0,1186.2,977.4,982.3,1043.9,1003.2,1050.1,1157.6,968.0,1079.1,17.9,1087.8,660.5,1167.3,1149.7,937.2,1086.6,581.3,348.4,0.0,1104.3,110.0,451.7,248.4,963.5,957.7,618.1,922.7,452.2,921.2,286.3,801.2,1043.7,829.6,500.5,656.0,1007.2,1121.5,874.5,961.9,759.6,1113.2,180.7,623.4,801.9,1039.0,198.3,968.5,193.6
74,823.7,120.5,496.4,789.2,1081.4,814.6,469.4,664.3,1124.0,1045.9,221.1,768.5,793.6,416.1,450.6,0.2,774.2,362.6,282.3,690.7,50.5,745.6,485.9,1058.8,348.9,225.8,1041.0,633.1,333.2,856.6,639.2,842.9,528.9,405.1,359.7,1036.7,298.7,468.7,324.9,590.1,783.0,263.6,380.9,877.0,357.4,421.6,514.4,576.6,81.7,783.2,715.0,1075.9,304.1,697.3,754.8,235.7,335.1,526.8,60.4,632.4,294.5,282.9,245.5,707.9,1122.2,137.3,551.6,292.6,288.1,337.7,89.1,526.4,1036.6,1104.3,0.0,1184.3,690.4,1045.9,592.7,407.4,706.9,284.2,674.4,331.1,900.6,313.8,390.2,364.7,626.1,568.4,283.6,292.8,331.4,323.4,435.2,238.5,923.6,561.4,377.6,583.5,965.9,148.8,933.0
75,1456.1,1116.1,761.1,447.4,102.9,437.5,768.5,595.4,60.3,138.4,1021.3,647.7,605.3,898.0,985.7,1184.5,477.9,950.1,958.6,579.8,1133.8,505.4,828.8,423.0,972.4,1064.2,383.4,671.0,1287.9,327.7,658.5,412.4,805.6,992.6,929.8,383.1,1205.3,769.0,1004.4,710.9,468.7,1109.7,968.4,389.5,932.1,1014.7,737.7,675.1,1166.0,627.0,537.1,440.1,936.8,1016.6,563.4,1296.2,1014.6,1019.5,1123.9,951.7,1126.7,1237.6,1052.0,1027.6,92.1,1197.8,737.1,1247.3,1227.6,1047.2,1196.6,657.9,458.4,110.0,1184.3,0.0,561.7,138.4,912.0,994.9,566.6,1006.7,562.2,1031.2,396.3,877.8,1080.9,939.6,610.5,732.6,1083.8,1199.4,984.5,1045.9,796.8,1193.2,290.7,660.6,911.9,1076.2,308.3,1048.5,303.6
76,1385.4,569.9,539.2,188.7,664.6,124.2,546.6,749.8,622.0,700.1,801.6,963.6,921.2,996.6,1031.1,690.2,83.8,943.1,598.2,734.2,740.9,676.5,971.2,507.2,485.4,518.0,366.1,683.7,927.9,809.8,689.8,708.7,387.7,985.6,553.6,467.3,881.8,634.1,905.4,640.7,717.2,746.7,961.4,543.9,555.9,1002.1,176.0,554.0,619.8,942.9,24.6,524.3,612.6,1277.8,882.4,750.0,915.6,1107.3,750.8,1212.9,877.6,887.6,645.4,1288.4,469.6,651.6,602.2,897.3,892.8,577.2,650.4,744.0,542.6,451.7,690.4,561.7,0.0,700.1,1173.2,987.9,882.5,600.1,303.5,516.6,550.7,778.2,970.7,518.2,324.7,619.0,864.1,875.9,514.5,639.3,880.7,843.2,445.1,839.6,545.9,1164.0,291.0,685.5,258.1
77,1317.7,1127.3,651.5,585.8,35.5,575.9,652.2,470.0,78.1,0.0,882.9,509.3,466.9,759.6,847.3,1046.1,616.3,811.7,820.2,474.7,995.4,367.0,690.4,557.5,855.3,1075.4,521.8,532.6,1149.5,189.3,520.1,274.0,718.9,854.2,812.7,521.5,1066.9,630.6,866.0,572.5,330.3,971.3,830.0,386.1,815.0,876.3,876.1,588.4,1127.6,488.6,675.5,574.6,798.4,878.2,425.0,1281.6,876.2,881.1,985.5,813.3,988.3,1099.2,913.6,889.2,230.5,1183.2,598.7,1108.9,1089.2,921.8,1135.0,519.5,535.3,248.4,1045.9,138.4,700.1,0.0,773.6,856.5,428.2,868.3,700.6,914.1,357.1,739.4,942.5,822.5,748.9,594.2,945.4,1061.0,867.4,907.5,658.4,1054.8,415.9,522.2,794.8,937.8,446.7,910.1,442.0
78,580.1,713.2,723.2,1113.6,809.1,1103.7,696.8,548.0,851.7,773.6,411.8,321.3,352.3,246.8,334.5,592.9,1144.1,298.9,610.8,574.4,542.2,551.4,288.2,918.0,687.8,818.5,1015.3,607.5,692.8,584.3,595.0,612.1,831.5,341.4,630.0,895.9,569.2,586.6,364.4,645.7,510.7,602.5,317.2,736.2,627.7,363.5,997.2,803.4,674.4,336.0,1197.8,935.1,589.0,140.6,376.3,828.4,374.6,332.7,532.3,75.7,490.6,646.0,584.4,151.6,981.4,730.0,671.9,655.7,591.5,676.6,681.8,478.4,895.8,963.5,592.7,912.0,1173.2,773.6,0.0,343.7,393.4,623.1,1157.2,670.0,759.8,434.4,429.7,665.4,1108.9,667.4,474.3,563.3,670.3,662.3,332.6,601.6,782.8,393.8,647.9,290.8,974.5,487.7,969.8
79,665.0,527.9,543.6,1086.7,892.0,1097.9,517.2,514.3,934.6,856.5,225.5,519.5,550.5,138.7,51.0,407.6,1071.7,44.8,428.5,540.7,356.9,595.6,242.4,912.2,502.5,633.2,1009.5,561.7,354.3,667.2,549.2,692.9,651.9,2.3,447.7,890.1,230.7,502.6,137.6,599.9,593.6,417.2,26.5,730.4,445.4,25.0,811.9,623.8,489.1,534.2,1012.5,929.3,406.7,319.3,532.3,546.0,127.4,127.2,347.0,383.4,152.1,378.2,399.1,308.3,975.6,544.7,585.5,387.9,253.0,491.3,496.5,432.6,890.0,957.7,407.4,994.9,987.9,856.5,343.7,0.0,484.4,437.8,971.9,484.7,754.0,252.2,91.2,483.1,923.6,602.3,163.0,224.8,485.0,477.0,265.8,302.6,777.0,348.0,465.6,183.9,968.7,302.4,964.0
80,937.5,827.4,417.7,768.2,463.7,758.3,418.4,236.2,506.3,428.2,543.9,129.1,86.7,387.5,475.2,707.1,798.7,439.6,481.2,262.6,656.4,206.0,318.3,572.6,516.6,882.5,669.9,298.8,810.5,238.9,286.3,266.7,526.0,482.1,474.0,550.5,709.9,307.1,504.6,338.7,165.3,632.3,457.9,390.8,476.3,504.2,737.7,497.9,788.6,108.4,857.9,589.7,459.4,498.0,47.9,942.6,514.8,509.0,646.5,433.1,631.3,760.2,574.6,509.0,636.0,844.2,364.9,769.9,732.2,582.8,796.0,198.9,550.4,618.1,706.9,566.6,882.5,428.2,393.4,484.4,0.0,529.3,883.0,575.4,414.4,400.4,570.4,483.8,849.4,360.4,606.4,704.0,528.7,568.5,297.0,715.8,437.4,180.0,456.1,565.7,629.1,571.1,624.4
81,856.7,404.7,314.8,698.9,903.8,724.3,266.2,486.7,946.4,868.3,251.5,658.4,616.0,446.5,481.0,284.4,683.9,393.0,48.1,513.1,233.7,568.0,431.9,877.2,114.7,510.0,950.7,451.8,387.8,679.0,457.9,665.3,423.1,435.5,128.9,855.1,331.7,287.4,355.3,408.8,605.4,196.6,411.3,695.4,126.6,452.0,424.1,395.0,365.9,637.7,624.7,894.3,69.9,727.7,577.2,519.9,365.5,557.2,223.8,662.8,327.5,337.5,95.3,738.3,940.6,421.5,370.3,347.2,342.7,103.5,373.3,348.8,855.0,922.7,284.2,1006.7,600.1,868.3,623.1,437.8,529.3,0.0,584.1,96.9,719.0,254.6,420.6,130.5,535.8,387.1,314.0,325.8,97.2,39.2,357.1,293.1,742.0,383.8,146.8,613.9,875.6,135.4,842.7
82,1369.4,553.9,523.2,114.8,665.1,179.3,530.6,749.9,622.5,700.6,785.6,964.1,921.7,980.6,1015.1,674.2,219.7,927.1,582.2,734.7,724.9,677.0,955.2,507.7,469.4,502.0,366.6,667.7,911.9,810.3,673.8,709.2,371.7,969.6,537.6,467.8,865.8,618.1,889.4,624.7,717.7,730.7,945.4,544.4,539.9,986.1,197.0,538.0,603.8,943.4,278.9,524.8,596.6,1261.8,882.9,734.0,899.6,1091.3,734.8,1196.9,861.6,871.6,629.4,1272.4,470.1,635.6,586.2,881.3,876.8,561.2,634.4,728.0,543.1,452.2,674.4,562.2,303.5,700.6,1157.2,971.9,883.0,584.1,0.0,500.6,551.2,762.2,954.7,502.2,48.3,603.0,848.1,859.9,498.5,623.3,864.7,827.2,445.6,823.6,529.9,1148.0,291.5,669.5,258.6
83,903.6,451.6,313.3,615.4,949.6,640.8,264.7,532.5,992.2,914.1,298.4,704.5,662.1,493.4,527.9,331.3,600.4,439.9,95.0,558.9,280.6,613.8,478.8,875.7,75.8,485.4,867.2,450.3,434.7,724.8,456.4,703.9,349.5,482.4,127.0,853.6,378.6,285.9,402.2,407.3,651.2,243.5,458.2,693.9,129.3,498.9,340.6,393.5,412.8,683.8,541.2,892.8,116.8,774.6,623.3,566.8,412.4,604.1,270.7,709.7,374.4,384.4,142.2,785.2,939.1,468.4,368.8,394.1,389.6,74.0,420.2,394.9,853.5,921.2,331.1,1031.2,516.6,914.1,670.0,484.7,575.4,96.9,500.6,0.0,717.5,301.5,467.5,91.6,452.3,385.6,360.9,372.7,58.3,136.1,404.0,340.0,740.5,430.7,119.3,660.8,792.1,182.3,759.2
84,1303.9,900.3,447.4,436.4,392.6,426.5,454.8,281.7,435.2,357.1,741.0,495.5,453.1,657.1,744.8,900.8,466.9,709.2,670.9,266.1,850.1,208.4,587.9,247.2,658.7,848.4,338.1,390.7,1004.2,341.4,378.2,240.6,491.9,751.7,616.1,225.1,923.7,488.7,763.5,430.6,249.1,826.0,727.5,75.8,618.4,773.8,703.6,361.4,950.2,474.8,526.1,264.3,649.1,864.4,414.3,1080.4,773.7,778.6,840.2,799.5,846.4,953.9,764.3,875.4,304.2,982.0,456.8,963.6,946.0,733.5,980.8,377.6,225.0,286.3,900.6,396.3,550.7,357.1,759.8,754.0,414.4,719.0,551.2,717.5,0.0,597.5,840.0,625.9,599.5,452.3,803.5,917.8,670.8,758.2,555.9,909.5,105.6,419.7,598.2,835.3,297.3,764.8,292.6
85,852.5,434.3,291.4,877.0,774.9,902.4,265.0,357.8,817.5,739.4,143.5,529.5,487.1,260.9,303.2,314.0,862.0,207.4,206.5,384.2,263.3,439.1,222.0,755.7,292.8,539.6,853.0,349.0,417.4,550.1,336.5,536.4,399.7,249.9,224.6,733.6,327.5,250.4,169.7,371.8,476.5,239.2,225.7,573.9,222.3,277.2,602.2,371.6,395.5,508.8,802.8,772.8,184.7,539.0,448.3,549.5,179.9,379.4,253.4,474.1,248.9,367.1,221.1,550.0,819.1,451.1,333.3,376.8,349.8,308.1,402.9,219.9,733.5,801.2,313.8,877.8,778.2,739.4,434.4,252.2,400.4,254.6,762.2,301.5,597.5,0.0,250.9,260.0,713.9,350.1,206.0,321.6,301.8,293.8,159.6,322.7,620.5,252.9,236.8,436.1,812.2,178.0,807.5
86,699.3,510.7,530.0,1069.5,978.0,1094.9,503.6,600.3,1020.6,942.5,169.1,605.5,636.5,182.9,95.2,390.4,1054.5,136.0,413.7,626.7,339.7,681.6,328.4,998.2,485.3,616.0,1095.5,599.9,297.9,753.2,587.4,778.9,638.3,93.5,432.9,976.1,174.3,501.3,81.2,622.7,679.6,400.0,117.7,816.4,430.6,66.2,794.7,610.2,471.9,620.2,995.3,1015.3,391.9,363.5,618.3,489.6,71.0,171.4,329.8,428.4,95.7,321.8,381.9,352.5,1061.6,527.5,584.2,331.5,196.6,474.1,479.3,470.8,976.0,1043.7,390.2,1080.9,970.7,942.5,429.7,91.2,570.4,420.6,954.7,467.5,840.0,250.9,0.0,468.3,906.4,601.0,106.6,168.4,467.8,459.8,294.5,246.2,863.0,426.3,450.8,228.1,1054.7,285.2,1050.0
87,937.2,485.2,221.7,617.0,858.0,642.4,173.1,440.9,900.6,822.5,299.2,612.9,570.5,491.8,528.7,364.9,602.0,438.3,116.2,467.3,314.2,522.2,453.0,784.1,32.8,487.0,868.8,358.7,468.3,633.2,364.8,612.3,330.0,480.8,35.4,762.0,412.2,194.3,400.6,315.7,559.6,277.1,456.6,602.3,37.7,499.7,342.2,301.9,446.4,592.2,542.8,801.2,94.4,770.0,531.7,600.4,410.8,604.9,304.3,705.1,404.6,418.0,175.8,781.0,847.5,502.0,277.2,427.7,423.2,107.6,453.8,303.3,761.9,829.6,364.7,939.6,518.2,822.5,665.4,483.1,483.8,130.5,502.2,91.6,625.9,260.0,468.3,0.0,453.9,294.0,361.7,406.3,44.9,169.7,362.5,373.6,648.9,382.2,27.7,661.6,793.7,215.9,760.8
88,1321.1,505.6,474.9,163.1,713.4,227.6,482.3,701.6,670.8,748.9,737.3,930.5,888.1,932.3,966.8,625.9,268.0,878.8,533.9,728.0,676.6,725.3,906.9,556.0,421.1,453.7,414.9,619.4,863.6,858.6,625.5,757.5,323.4,921.3,489.3,516.1,817.5,569.8,841.1,576.4,766.0,682.4,897.1,592.7,491.6,937.8,148.7,489.7,555.5,909.8,327.2,573.1,548.3,1213.5,849.3,685.7,851.3,1043.0,686.5,1148.6,813.3,823.3,581.1,1224.1,518.4,587.3,537.9,833.0,828.5,512.9,586.1,679.7,591.4,500.5,626.1,610.5,324.7,748.9,1108.9,923.6,849.4,535.8,48.3,452.3,599.5,713.9,906.4,453.9,0.0,554.7,799.8,811.6,450.2,575.0,816.4,778.9,493.9,775.3,481.6,1099.7,339.8,621.2,306.9
89,1116.5,639.7,123.0,717.8,629.7,743.2,123.7,212.6,672.3,594.2,432.9,441.5,399.1,524.7,612.4,568.6,702.8,557.5,339.0,239.0,517.9,293.9,455.0,610.5,326.8,587.8,707.8,64.7,672.0,404.9,77.2,391.2,231.3,600.0,284.2,588.4,591.5,102.1,519.8,21.7,331.3,493.8,575.8,428.7,286.5,627.3,443.0,203.2,650.1,420.8,643.6,627.6,317.2,772.0,360.3,804.1,530.0,646.2,508.0,707.1,538.3,621.7,432.4,783.0,673.9,705.7,16.8,631.4,613.8,401.6,657.5,190.7,588.3,656.0,568.4,732.6,619.0,594.2,667.4,602.3,360.4,387.1,603.0,385.6,452.3,350.1,601.0,294.0,554.7,0.0,495.4,585.6,338.9,426.3,422.5,577.3,475.3,286.3,266.3,702.9,667.0,432.6,662.3
90,646.5,404.1,423.4,962.9,980.9,988.3,397.0,563.8,1023.5,945.4,62.5,650.1,681.1,254.7,167.0,283.8,947.9,207.8,307.1,590.2,233.1,645.1,368.7,961.7,378.7,509.4,1059.0,555.0,245.1,756.1,542.5,742.4,531.7,165.3,326.3,939.6,121.5,395.7,139.4,517.1,682.5,293.4,189.5,779.9,324.0,138.0,688.1,503.6,365.3,664.8,888.7,978.8,285.3,435.3,654.3,436.8,129.2,243.2,223.2,500.2,42.9,269.0,275.3,424.3,1025.1,420.9,478.6,278.7,143.8,367.5,372.7,425.9,939.5,1007.2,283.6,1083.8,864.1,945.4,474.3,163.0,606.4,314.0,848.1,360.9,803.5,206.0,106.6,361.7,799.8,495.4,0.0,115.6,361.2,353.2,318.2,193.4,826.5,450.0,344.2,299.9,1018.2,178.6,1013.5
91,601.9,413.3,513.6,974.7,1096.5,1000.1,487.2,679.4,1139.1,1061.0,178.1,739.1,770.1,316.5,228.8,293.0,959.7,269.6,323.9,705.8,242.3,760.7,462.0,1076.0,390.5,518.6,1173.3,650.3,129.5,871.7,656.4,858.0,621.9,227.1,401.3,1053.9,5.9,485.9,201.2,607.3,798.1,305.2,251.3,894.2,399.0,199.8,699.9,593.8,374.5,753.8,900.5,1093.1,345.7,497.1,751.9,321.2,191.0,305.0,232.4,562.0,72.7,153.4,287.1,486.1,1139.4,405.8,568.8,163.1,28.2,379.3,381.9,541.5,1053.8,1121.5,292.8,1199.4,875.9,1061.0,563.3,224.8,704.0,325.8,859.9,372.7,917.8,321.6,168.4,406.3,811.6,585.6,115.6,0.0,373.0,365.0,414.5,77.8,940.8,546.3,419.2,361.7,1132.5,190.4,1118.5
92,903.9,451.9,266.6,613.3,902.9,638.7,218.0,485.8,945.5,867.4,298.7,657.8,615.4,493.7,528.2,331.6,598.3,440.2,95.3,512.2,280.9,567.1,479.1,829.0,29.1,483.3,865.1,403.6,435.0,678.1,409.7,657.2,347.4,482.7,80.3,806.9,378.9,239.2,402.5,360.6,604.5,243.8,458.5,647.2,82.6,499.2,338.5,346.8,413.1,637.1,539.1,846.1,117.1,774.9,576.6,567.1,412.7,604.4,271.0,710.0,374.7,384.7,142.5,785.5,892.4,468.7,322.1,394.4,389.9,74.3,420.5,348.2,806.8,874.5,331.4,984.5,514.5,867.4,670.3,485.0,528.7,97.2,498.5,58.3,670.8,301.8,467.8,44.9,450.2,338.9,361.2,373.0,0.0,136.4,404.3,340.3,693.8,427.1,72.6,661.1,790.0,182.6,757.1
93,895.9,443.9,354.0,738.1,943.0,763.5,305.4,525.9,985.6,907.5,290.7,697.6,655.2,485.7,520.2,323.6,723.1,432.2,87.3,552.3,272.9,607.2,471.1,916.4,153.9,549.2,989.9,491.0,427.0,718.2,497.1,704.5,462.3,474.7,168.1,894.3,370.9,326.6,394.5,448.0,644.6,235.8,450.5,734.6,165.8,491.2,463.3,434.2,405.1,676.9,663.9,933.5,109.1,766.9,616.4,559.1,404.7,596.4,263.0,702.0,366.7,376.7,94.7,777.5,979.8,460.7,409.5,386.4,381.9,142.7,412.5,388.0,894.2,961.9,323.4,1045.9,639.3,907.5,662.3,477.0,568.5,39.2,623.3,136.1,758.2,293.8,459.8,169.7,575.0,426.3,353.2,365.0,136.4,0.0,396.3,332.3,781.2,423.0,186.0,653.1,914.8,174.6,881.9
94,828.2,555.7,393.9,909.7,693.9,899.8,367.5,316.2,736.5,658.4,255.7,426.1,383.7,168.9,256.6,435.4,940.2,221.0,309.0,342.6,384.7,397.5,120.2,714.1,395.3,661.0,811.4,362.6,538.8,469.1,350.1,494.8,502.2,263.5,327.1,692.0,420.4,341.7,213.3,400.8,395.5,360.6,239.3,532.3,324.8,285.6,704.7,474.1,516.9,405.4,905.3,731.2,287.2,437.2,344.9,670.9,223.5,290.4,374.8,372.3,341.8,488.5,342.5,448.2,777.5,572.5,427.0,498.2,442.7,410.6,524.3,233.5,691.9,759.6,435.2,796.8,880.7,658.4,332.6,265.8,297.0,357.1,864.7,404.0,555.9,159.6,294.5,362.5,816.4,422.5,318.2,414.5,404.3,396.3,0.0,444.1,578.9,137.5,339.3,347.1,770.6,299.4,765.9
95,596.2,359.0,505.3,942.0,1090.3,967.4,478.3,673.2,1132.9,1054.8,230.0,777.4,802.5,394.3,306.6,238.7,927.0,347.4,291.2,699.6,188.0,754.5,494.8,1067.7,357.8,464.3,1165.0,642.0,94.7,865.5,648.1,851.8,613.6,304.9,368.6,1045.6,71.9,477.6,279.0,599.0,791.9,272.5,329.1,885.9,366.3,277.6,667.2,585.5,320.2,792.1,867.8,1084.8,313.0,574.9,763.7,286.4,268.8,382.8,178.1,639.8,150.5,75.6,254.4,563.9,1131.1,371.0,560.5,85.3,49.6,346.6,327.6,535.3,1045.5,1113.2,238.5,1193.2,843.2,1054.8,601.6,302.6,715.8,293.1,827.2,340.0,909.5,322.7,246.2,373.6,778.9,577.3,193.4,77.8,340.3,332.3,444.1,0.0,932.5,570.3,386.5,439.5,1118.7,157.7,1085.8
96,1326.9,923.3,470.4,330.8,393.6,320.9,477.8,304.7,351.0,415.9,764.0,518.5,476.1,680.1,767.8,923.8,361.3,732.2,693.9,289.1,873.1,231.4,610.9,204.7,681.7,871.4,232.5,413.7,1027.2,364.7,401.2,263.6,514.9,774.7,639.1,170.7,946.7,511.7,786.5,453.6,272.1,849.0,750.5,98.8,641.4,796.8,621.1,384.4,973.2,497.8,420.5,221.8,672.1,887.4,437.3,1103.4,796.7,801.6,863.2,822.5,869.4,976.9,787.3,898.4,198.6,1005.0,479.8,986.6,969.0,756.5,1003.8,400.6,182.5,180.7,923.6,290.7,445.1,415.9,782.8,777.0,437.4,742.0,445.6,740.5,105.6,620.5,863.0,648.9,493.9,475.3,826.5,940.8,693.8,781.2,578.9,932.5,0.0,442.7,621.2,858.3,191.7,787.8,187.0
97,910.4,681.9,343.6,773.5,557.7,763.6,318.9,180.0,600.3,522.2,387.5,309.1,266.7,251.1,338.8,561.6,804.0,303.2,335.7,206.4,510.9,261.3,181.4,577.9,415.0,787.2,675.2,226.4,665.0,332.9,213.9,358.6,451.9,345.7,353.8,555.8,552.2,205.5,345.1,264.6,259.3,486.8,321.5,396.1,351.5,367.8,663.6,423.8,643.1,288.4,863.2,595.0,313.9,498.4,227.9,797.1,355.3,372.6,501.0,433.5,473.6,614.7,429.1,509.4,641.3,698.7,290.8,624.4,574.5,437.3,650.5,97.3,555.7,623.4,561.4,660.6,839.6,522.2,393.8,348.0,180.0,383.8,823.6,430.7,419.7,252.9,426.3,382.2,775.3,286.3,450.0,546.3,427.1,423.0,137.5,570.3,442.7,0.0,354.5,429.3,634.4,425.6,629.7
98,950.1,498.1,194.0,644.7,830.3,670.1,145.4,413.2,872.9,794.8,281.7,585.2,542.8,474.3,511.2,377.8,629.7,420.8,98.7,439.6,327.1,494.5,435.5,756.4,60.5,514.7,853.7,331.0,481.2,605.5,337.1,584.6,302.3,463.3,17.9,734.3,425.1,166.6,383.1,288.0,531.9,290.0,439.1,574.6,20.2,482.2,369.9,274.2,459.3,564.5,570.5,773.5,76.9,752.5,504.0,613.3,393.3,587.4,317.2,687.6,387.1,430.9,192.1,763.5,819.8,514.9,249.5,440.6,436.1,135.3,466.7,275.6,734.2,801.9,377.6,911.9,545.9,794.8,647.9,465.6,456.1,146.8,529.9,119.3,598.2,236.8,450.8,27.7,481.6,266.3,344.2,419.2,72.6,186.0,339.3,386.5,621.2,354.5,0.0,644.1,812.9,228.8,788.5
99,495.9,704.0,723.3,1189.1,973.3,1179.2,696.9,595.6,1015.9,937.8,362.4,576.1,607.1,178.2,132.9,583.7,1219.6,228.7,607.0,622.0,533.0,676.9,323.7,993.5,678.6,809.3,1090.8,643.0,421.5,748.5,630.5,774.2,831.6,186.2,626.2,971.4,367.6,622.1,274.5,681.2,674.9,593.3,210.4,811.7,623.9,161.9,988.0,803.5,665.2,590.8,1188.6,1010.6,585.2,150.2,613.6,569.2,264.3,56.7,523.1,215.1,289.0,515.1,575.2,139.2,1056.9,653.8,707.4,524.8,389.9,667.4,672.6,513.9,971.3,1039.0,583.5,1076.2,1164.0,937.8,290.8,183.9,565.7,613.9,1148.0,660.8,835.3,436.1,228.1,661.6,1099.7,702.9,299.9,361.7,661.1,653.1,347.1,439.5,858.3,429.3,644.1,0.0,1050.0,478.5,1045.3
100,1518.6,845.4,662.1,176.7,411.2,166.8,669.5,496.4,368.6,446.7,955.7,710.2,667.8,871.8,959.5,965.7,207.2,923.9,873.7,480.8,1016.4,423.1,802.6,216.2,760.9,793.5,75.1,605.4,1203.4,556.4,592.9,455.3,663.2,966.4,829.1,176.3,1138.4,703.4,978.2,645.3,463.8,1022.2,942.2,290.5,831.4,988.5,467.0,576.1,895.3,689.5,266.4,233.3,863.8,1079.1,629.0,1025.5,988.4,993.3,1026.3,1014.2,1061.1,1163.1,920.9,1090.1,216.2,927.1,671.5,1172.8,1160.7,852.7,925.9,592.3,251.6,198.3,965.9,308.3,291.0,446.7,974.5,968.7,629.1,875.6,291.5,792.1,297.3,812.2,1054.7,793.7,339.8,667.0,1018.2,1132.5,790.0,914.8,770.6,1118.7,191.7,634.4,812.9,1050.0,0.0,961.0,32.9
101,721.3,269.3,360.6,784.3,945.6,809.7,320.6,528.5,988.2,910.1,116.1,663.5,657.8,311.1,345.6,149.0,769.3,257.6,133.5,554.9,98.3,609.8,350.1,923.0,200.1,374.6,1020.3,497.3,252.4,720.8,503.4,707.1,468.9,300.1,210.9,900.9,196.3,332.9,219.9,454.3,647.2,114.8,275.9,741.2,208.6,316.6,509.5,440.8,230.5,678.2,710.1,940.1,155.3,592.3,619.0,384.5,230.1,421.8,88.4,527.4,192.1,202.1,96.7,602.9,986.4,286.1,415.8,211.8,207.3,188.9,237.9,390.6,900.8,968.5,148.8,1048.5,685.5,910.1,487.7,302.4,571.1,135.4,669.5,182.3,764.8,178.0,285.2,215.9,621.2,432.6,178.6,190.4,182.6,174.6,299.4,157.7,787.8,425.6,228.8,478.5,961.0,0.0,928.1
102,1513.9,812.5,657.4,143.8,406.5,133.9,664.8,491.7,363.9,442.0,951.0,705.5,663.1,867.1,954.8,932.8,174.3,919.2,840.8,476.1,983.5,418.4,797.9,249.1,728.0,760.6,108.0,600.7,1170.5,551.7,588.2,450.6,630.3,961.7,796.2,209.2,1124.4,698.7,973.5,640.6,459.1,989.3,937.5,285.8,798.5,983.8,434.1,571.4,862.4,684.8,233.5,266.2,855.2,1074.4,624.3,992.6,983.7,988.6,993.4,1009.5,1056.4,1130.2,888.0,1085.4,211.5,894.2,666.8,1139.9,1135.4,819.8,893.0,587.6,284.5,193.6,933.0,303.6,258.1,442.0,969.8,964.0,624.4,842.7,258.6,759.2,292.6,807.5,1050.0,760.8,306.9,662.3,1013.5,1118.5,757.1,881.9,765.9,1085.8,187.0,629.7,788.5,1045.3,32.9,928.1,0.0
